date,value
1999-01-04,0.8466
1999-01-05,0.8503
1999-01-06,0.8594
1999-01-07,0.8568
1999-01-08,0.8655
1999-01-11,0.867
1999-01-12,0.866
1999-01-13,0.8548
1999-01-14,0.8555
1999-01-15,0.8627
1999-01-18,
1999-01-19,0.8613
1999-01-20,0.8639
1999-01-21,0.8638
1999-01-22,0.8634
1999-01-25,0.8646
1999-01-26,0.8638
1999-01-27,0.871
1999-01-28,0.8776
1999-01-29,0.8794
1999-02-01,0.8847
1999-02-02,0.8828
1999-02-03,0.8819
1999-02-04,0.8845
1999-02-05,0.8863
1999-02-08,0.8853
1999-02-09,0.885
1999-02-10,0.8825
1999-02-11,0.8847
1999-02-12,0.8864
1999-02-15,
1999-02-16,0.8937
1999-02-17,0.8905
1999-02-18,0.891
1999-02-19,0.9029
1999-02-22,0.906
1999-02-23,0.9097
1999-02-24,0.9114
1999-02-25,0.9035
1999-02-26,0.9095
1999-03-01,0.9182
1999-03-02,0.9148
1999-03-03,0.9184
1999-03-04,0.9239
1999-03-05,0.9223
1999-03-08,0.9175
1999-03-09,0.9197
1999-03-10,0.9123
1999-03-11,0.9147
1999-03-12,0.9144
1999-03-15,0.9149
1999-03-16,0.9162
1999-03-17,0.9079
1999-03-18,0.9099
1999-03-19,0.9155
1999-03-22,0.9162
1999-03-23,0.9159
1999-03-24,0.9157
1999-03-25,0.9199
1999-03-26,0.9308
1999-03-29,0.9332
1999-03-30,0.9318
1999-03-31,0.9252
1999-04-01,0.9275
1999-04-02,0.9275
1999-04-05,0.9341
1999-04-06,0.9227
1999-04-07,0.9273
1999-04-08,0.9229
1999-04-09,0.9271
1999-04-12,0.9223
1999-04-13,0.9276
1999-04-14,0.9277
1999-04-15,0.9331
1999-04-16,0.9356
1999-04-19,0.9427
1999-04-20,0.9407
1999-04-21,0.9423
1999-04-22,0.9436
1999-04-23,0.9404
1999-04-26,0.9443
1999-04-27,0.9391
1999-04-28,0.942
1999-04-29,0.9442
1999-04-30,0.9466
1999-05-03,0.946
1999-05-04,0.944
1999-05-05,0.9325
1999-05-06,0.9277
1999-05-07,0.9276
1999-05-10,0.927
1999-05-11,0.9328
1999-05-12,0.9376
1999-05-13,0.9411
1999-05-14,0.939
1999-05-17,0.937
1999-05-18,0.937
1999-05-19,0.9398
1999-05-20,0.9407
1999-05-21,0.9454
1999-05-24,0.944
1999-05-25,0.9446
1999-05-26,0.955
1999-05-27,0.9579
1999-05-28,0.9595
1999-05-31,
1999-06-01,0.957
1999-06-02,0.9655
1999-06-03,0.9657
1999-06-04,0.9683
1999-06-07,0.9713
1999-06-08,0.958
1999-06-09,0.9569
1999-06-10,0.9545
1999-06-11,0.9509
1999-06-14,0.9601
1999-06-15,0.9597
1999-06-16,0.9711
1999-06-17,0.9681
1999-06-18,0.9645
1999-06-21,0.9687
1999-06-22,0.9687
1999-06-23,0.9694
1999-06-24,0.9641
1999-06-25,0.9571
1999-06-28,0.964
1999-06-29,0.9674
1999-06-30,0.9699
1999-07-01,0.9769
1999-07-02,0.9762
1999-07-05,
1999-07-06,0.9757
1999-07-07,0.9781
1999-07-08,0.9806
1999-07-09,0.9817
1999-07-12,0.9863
1999-07-13,0.9827
1999-07-14,0.979
1999-07-15,0.9785
1999-07-16,0.9801
1999-07-19,0.9801
1999-07-20,0.9597
1999-07-21,0.95
1999-07-22,0.9516
1999-07-23,0.9527
1999-07-26,0.9389
1999-07-27,0.941
1999-07-28,0.9395
1999-07-29,0.9329
1999-07-30,0.9351
1999-08-02,0.938
1999-08-03,0.9363
1999-08-04,0.9289
1999-08-05,0.9265
1999-08-06,0.9285
1999-08-09,0.9351
1999-08-10,0.9301
1999-08-11,0.9381
1999-08-12,0.9402
1999-08-13,0.9463
1999-08-16,0.9472
1999-08-17,0.9501
1999-08-18,0.9519
1999-08-19,0.9396
1999-08-20,0.9386
1999-08-23,0.9476
1999-08-24,0.9518
1999-08-25,0.9559
1999-08-26,0.9578
1999-08-27,0.956
1999-08-30,0.9574
1999-08-31,0.9451
1999-09-01,0.945
1999-09-02,0.9355
1999-09-03,0.943
1999-09-06,
1999-09-07,0.9451
1999-09-08,0.9443
1999-09-09,0.9485
1999-09-10,0.9614
1999-09-13,0.9615
1999-09-14,0.9608
1999-09-15,0.9629
1999-09-16,0.9599
1999-09-17,0.9616
1999-09-20,0.9608
1999-09-21,0.956
1999-09-22,0.9524
1999-09-23,0.9602
1999-09-24,0.9555
1999-09-27,0.9587
1999-09-28,0.9516
1999-09-29,0.9422
1999-09-30,0.9396
1999-10-01,0.933
1999-10-04,0.9343
1999-10-05,0.9352
1999-10-06,0.9342
1999-10-07,0.9327
1999-10-08,0.9407
1999-10-11,
1999-10-12,0.9314
1999-10-13,0.9295
1999-10-14,0.926
1999-10-15,0.9185
1999-10-18,0.9206
1999-10-19,0.9231
1999-10-20,0.9289
1999-10-21,0.9252
1999-10-22,0.9365
1999-10-25,0.9376
1999-10-26,0.9454
1999-10-27,0.9495
1999-10-28,0.9507
1999-10-29,0.9508
1999-11-01,0.9529
1999-11-02,0.9518
1999-11-03,0.9537
1999-11-04,0.9579
1999-11-05,0.9615
1999-11-08,0.965
1999-11-09,0.9614
1999-11-10,0.9582
1999-11-11,
1999-11-12,0.9695
1999-11-15,0.9695
1999-11-16,0.9697
1999-11-17,0.9613
1999-11-18,0.9712
1999-11-19,0.9696
1999-11-22,0.9683
1999-11-23,0.9746
1999-11-24,0.9827
1999-11-25,
1999-11-26,0.9865
1999-11-29,0.9901
1999-11-30,0.9924
1999-12-01,0.9941
1999-12-02,0.9977
1999-12-03,0.9984
1999-12-06,0.9754
1999-12-07,0.9783
1999-12-08,0.9744
1999-12-09,0.9842
1999-12-10,0.9844
1999-12-13,0.9881
1999-12-14,0.9933
1999-12-15,0.9934
1999-12-16,0.9834
1999-12-17,0.9913
1999-12-20,0.9934
1999-12-21,0.9908
1999-12-22,0.9921
1999-12-23,0.9841
1999-12-24,0.9874
1999-12-27,0.9866
1999-12-28,0.9932
1999-12-29,0.9955
1999-12-30,0.9976
1999-12-31,0.993
2000-01-03,0.9847
2000-01-04,0.97
2000-01-05,0.9676
2000-01-06,0.9686
2000-01-07,0.9714
2000-01-10,0.9754
2000-01-11,0.9688
2000-01-12,0.9727
2000-01-13,0.9737
2000-01-14,0.9874
2000-01-17,
2000-01-18,0.988
2000-01-19,0.9886
2000-01-20,0.9869
2000-01-21,0.9901
2000-01-24,0.9981
2000-01-25,0.9959
2000-01-26,0.9989
2000-01-27,1.0111
2000-01-28,1.0241
2000-01-31,1.0249
2000-02-01,1.0276
2000-02-02,1.0238
2000-02-03,1.0114
2000-02-04,1.0246
2000-02-07,1.0222
2000-02-08,1.014
2000-02-09,1.0087
2000-02-10,1.0137
2000-02-11,1.0155
2000-02-14,1.0222
2000-02-15,1.0169
2000-02-16,1.0161
2000-02-17,1.0139
2000-02-18,1.0152
2000-02-21,
2000-02-22,0.994
2000-02-23,0.9983
2000-02-24,1.0069
2000-02-25,1.0243
2000-02-28,1.0342
2000-02-29,1.037
2000-03-01,1.0309
2000-03-02,1.0396
2000-03-03,1.0397
2000-03-06,1.0413
2000-03-07,1.046
2000-03-08,1.0443
2000-03-09,1.0326
2000-03-10,1.0353
2000-03-13,1.0365
2000-03-14,1.0369
2000-03-15,1.0314
2000-03-16,1.0299
2000-03-17,1.0316
2000-03-20,1.0299
2000-03-21,1.0306
2000-03-22,1.0408
2000-03-23,1.0319
2000-03-24,1.0284
2000-03-27,1.0368
2000-03-28,1.0401
2000-03-29,1.05
2000-03-30,1.0423
2000-03-31,1.0445
2000-04-03,1.046
2000-04-04,1.043
2000-04-05,1.0366
2000-04-06,1.0438
2000-04-07,1.0428
2000-04-10,1.043
2000-04-11,1.0426
2000-04-12,1.047
2000-04-13,1.05
2000-04-14,1.0456
2000-04-17,1.0471
2000-04-18,1.0552
2000-04-19,1.0673
2000-04-20,1.0666
2000-04-21,1.0662
2000-04-24,1.0643
2000-04-25,1.0793
2000-04-26,1.085
2000-04-27,1.101
2000-04-28,1.1002
2000-05-01,1.0965
2000-05-02,1.1028
2000-05-03,1.1247
2000-05-04,1.1227
2000-05-05,1.1169
2000-05-08,1.1173
2000-05-09,1.1083
2000-05-10,1.0993
2000-05-11,1.1085
2000-05-12,1.1013
2000-05-15,1.0943
2000-05-16,1.1046
2000-05-17,1.121
2000-05-18,1.1171
2000-05-19,1.1178
2000-05-22,1.1067
2000-05-23,1.1072
2000-05-24,1.0994
2000-05-25,1.1023
2000-05-26,1.0741
2000-05-29,
2000-05-30,1.0737
2000-05-31,1.072
2000-06-01,1.0745
2000-06-02,1.0602
2000-06-05,1.0559
2000-06-06,1.0449
2000-06-07,1.0417
2000-06-08,1.0473
2000-06-09,1.0498
2000-06-12,1.0478
2000-06-13,1.0396
2000-06-14,1.0428
2000-06-15,1.0493
2000-06-16,1.0365
2000-06-19,1.0393
2000-06-20,1.0464
2000-06-21,1.0576
2000-06-22,1.0641
2000-06-23,1.0686
2000-06-26,1.0659
2000-06-27,1.0589
2000-06-28,1.0589
2000-06-29,1.051
2000-06-30,1.0477
2000-07-03,1.0498
2000-07-04,
2000-07-05,1.0473
2000-07-06,1.0496
2000-07-07,1.0544
2000-07-10,1.0503
2000-07-11,1.053
2000-07-12,1.0637
2000-07-13,1.0708
2000-07-14,1.0668
2000-07-17,1.0694
2000-07-18,1.0727
2000-07-19,1.0826
2000-07-20,1.0762
2000-07-21,1.0703
2000-07-24,1.0737
2000-07-25,1.0648
2000-07-26,1.0624
2000-07-27,1.0717
2000-07-28,1.0815
2000-07-31,1.0792
2000-08-01,1.0837
2000-08-02,1.0945
2000-08-03,1.106
2000-08-04,1.1019
2000-08-07,1.0983
2000-08-08,1.1088
2000-08-09,1.1122
2000-08-10,1.1017
2000-08-11,1.1055
2000-08-14,1.1066
2000-08-15,1.0947
2000-08-16,1.0937
2000-08-17,1.0927
2000-08-18,1.1028
2000-08-21,1.1078
2000-08-22,1.1154
2000-08-23,1.1152
2000-08-24,1.1077
2000-08-25,1.1082
2000-08-28,1.1109
2000-08-29,1.1153
2000-08-30,1.1206
2000-08-31,1.1264
2000-09-01,1.112
2000-09-04,
2000-09-05,1.1266
2000-09-06,1.1492
2000-09-07,1.1442
2000-09-08,1.1542
2000-09-11,1.1596
2000-09-12,1.1633
2000-09-13,1.1574
2000-09-14,1.1605
2000-09-15,1.1666
2000-09-18,1.1733
2000-09-19,1.1745
2000-09-20,1.1818
2000-09-21,1.1685
2000-09-22,1.1373
2000-09-25,1.1444
2000-09-26,1.1344
2000-09-27,1.1357
2000-09-28,1.133
2000-09-29,1.1316
2000-10-02,1.1356
2000-10-03,1.144
2000-10-04,1.146
2000-10-05,1.1514
2000-10-06,1.1521
2000-10-09,
2000-10-10,1.1518
2000-10-11,1.1474
2000-10-12,1.1569
2000-10-13,1.1671
2000-10-16,1.178
2000-10-17,1.1755
2000-10-18,1.1918
2000-10-19,1.1896
2000-10-20,1.1905
2000-10-23,1.1956
2000-10-24,1.1956
2000-10-25,1.2092
2000-10-26,1.209
2000-10-27,1.1896
2000-10-30,1.186
2000-10-31,1.1784
2000-11-01,1.165
2000-11-02,1.1636
2000-11-03,1.1609
2000-11-06,1.165
2000-11-07,1.1651
2000-11-08,1.1684
2000-11-09,1.1663
2000-11-10,1.1594
2000-11-13,1.1618
2000-11-14,1.1665
2000-11-15,1.1669
2000-11-16,1.1721
2000-11-17,1.1743
2000-11-20,1.1784
2000-11-21,1.1823
2000-11-22,1.1872
2000-11-23,
2000-11-24,1.193
2000-11-27,1.1765
2000-11-28,1.17
2000-11-29,1.1659
2000-11-30,1.1502
2000-12-01,1.1409
2000-12-04,1.1268
2000-12-05,1.1358
2000-12-06,1.1265
2000-12-07,1.1247
2000-12-08,1.1315
2000-12-11,1.1401
2000-12-12,1.1396
2000-12-13,1.1422
2000-12-14,1.1289
2000-12-15,1.1135
2000-12-18,1.1199
2000-12-19,1.1233
2000-12-20,1.104
2000-12-21,1.0975
2000-12-22,1.0834
2000-12-25,
2000-12-26,1.0762
2000-12-27,1.0748
2000-12-28,1.0803
2000-12-29,1.0652
2001-01-01,
2001-01-02,1.0565
2001-01-03,1.0556
2001-01-04,1.0584
2001-01-05,1.0488
2001-01-08,1.0542
2001-01-09,1.0642
2001-01-10,1.0653
2001-01-11,1.0504
2001-01-12,1.0542
2001-01-15,
2001-01-16,1.0668
2001-01-17,1.0746
2001-01-18,1.0586
2001-01-19,1.068
2001-01-22,1.0668
2001-01-23,1.0651
2001-01-24,1.0801
2001-01-25,1.0847
2001-01-26,1.0854
2001-01-29,1.0892
2001-01-30,1.0794
2001-01-31,1.0743
2001-02-01,1.0656
2001-02-02,1.0687
2001-02-05,1.0644
2001-02-06,1.0748
2001-02-07,1.0717
2001-02-08,1.0889
2001-02-09,1.0791
2001-02-12,1.0768
2001-02-13,1.0865
2001-02-14,1.0873
2001-02-15,1.1041
2001-02-16,1.0915
2001-02-19,
2001-02-20,1.0994
2001-02-21,1.1017
2001-02-22,1.1027
2001-02-23,1.0995
2001-02-26,1.0997
2001-02-27,1.0955
2001-02-28,1.0855
2001-03-01,1.0763
2001-03-02,1.0707
2001-03-05,1.0765
2001-03-06,1.0738
2001-03-07,1.0783
2001-03-08,1.0775
2001-03-09,1.0735
2001-03-12,1.0753
2001-03-13,1.0931
2001-03-14,1.0949
2001-03-15,1.1055
2001-03-16,1.1199
2001-03-19,1.113
2001-03-20,1.1045
2001-03-21,1.1148
2001-03-22,1.126
2001-03-23,1.1203
2001-03-26,1.1167
2001-03-27,1.1223
2001-03-28,1.1259
2001-03-29,1.1355
2001-03-30,1.1371
2001-04-02,1.1333
2001-04-03,1.1198
2001-04-04,1.1095
2001-04-05,1.1141
2001-04-06,1.1109
2001-04-09,1.1094
2001-04-10,1.1256
2001-04-11,1.1292
2001-04-12,1.1208
2001-04-13,1.1251
2001-04-16,1.1284
2001-04-17,1.1346
2001-04-18,1.1343
2001-04-19,1.1225
2001-04-20,1.1072
2001-04-23,1.1161
2001-04-24,1.1178
2001-04-25,1.1146
2001-04-26,1.1098
2001-04-27,1.1206
2001-04-30,1.1269
2001-05-01,1.1189
2001-05-02,1.1204
2001-05-03,1.1247
2001-05-04,1.1193
2001-05-07,1.1216
2001-05-08,1.1302
2001-05-09,1.1306
2001-05-10,1.1374
2001-05-11,1.1417
2001-05-14,1.1431
2001-05-15,1.1379
2001-05-16,1.131
2001-05-17,1.1328
2001-05-18,1.1397
2001-05-21,1.1413
2001-05-22,1.1551
2001-05-23,1.1631
2001-05-24,1.1669
2001-05-25,1.1659
2001-05-28,
2001-05-29,1.17
2001-05-30,1.166
2001-05-31,1.1827
2001-06-01,1.1832
2001-06-04,1.1836
2001-06-05,1.1759
2001-06-06,1.1832
2001-06-07,1.1756
2001-06-08,1.1758
2001-06-11,1.1869
2001-06-12,1.1794
2001-06-13,1.1715
2001-06-14,1.1631
2001-06-15,1.159
2001-06-18,1.1614
2001-06-19,1.1685
2001-06-20,1.1756
2001-06-21,1.1704
2001-06-22,1.1669
2001-06-25,1.1613
2001-06-26,1.1597
2001-06-27,1.16
2001-06-28,1.1806
2001-06-29,1.1801
2001-07-02,1.1827
2001-07-03,1.1797
2001-07-04,
2001-07-05,1.1947
2001-07-06,1.1813
2001-07-09,1.1801
2001-07-10,1.1686
2001-07-11,1.1609
2001-07-12,1.1723
2001-07-13,1.1727
2001-07-16,1.1697
2001-07-17,1.1697
2001-07-18,1.1493
2001-07-19,1.1507
2001-07-20,1.1477
2001-07-23,1.1526
2001-07-24,1.1426
2001-07-25,1.1368
2001-07-26,1.1409
2001-07-27,1.143
2001-07-30,1.1429
2001-07-31,1.1426
2001-08-01,1.1373
2001-08-02,1.1347
2001-08-03,1.1308
2001-08-06,1.1361
2001-08-07,1.1396
2001-08-08,1.1392
2001-08-09,1.1254
2001-08-10,1.1186
2001-08-13,1.1132
2001-08-14,1.108
2001-08-15,1.0972
2001-08-16,1.0943
2001-08-17,1.0911
2001-08-20,1.0957
2001-08-21,1.0971
2001-08-22,1.0877
2001-08-23,1.091
2001-08-24,1.097
2001-08-27,1.0991
2001-08-28,1.0987
2001-08-29,1.0993
2001-08-30,1.0924
2001-08-31,1.1001
2001-09-03,
2001-09-04,1.1276
2001-09-05,1.124
2001-09-06,1.1182
2001-09-07,1.1057
2001-09-10,1.1126
2001-09-11,
2001-09-12,1.1027
2001-09-13,1.1002
2001-09-14,1.0871
2001-09-17,1.0872
2001-09-18,1.0831
2001-09-19,1.0741
2001-09-20,1.0805
2001-09-21,1.099
2001-09-24,1.0947
2001-09-25,1.0844
2001-09-26,1.0833
2001-09-27,1.0892
2001-09-28,1.099
2001-10-01,1.0918
2001-10-02,1.093
2001-10-03,1.0892
2001-10-04,1.094
2001-10-05,1.0908
2001-10-08,
2001-10-09,1.0929
2001-10-10,1.0967
2001-10-11,1.1101
2001-10-12,1.1016
2001-10-15,1.1017
2001-10-16,1.0996
2001-10-17,1.1031
2001-10-18,1.108
2001-10-19,1.1127
2001-10-22,1.1228
2001-10-23,1.1245
2001-10-24,1.1204
2001-10-25,1.1154
2001-10-26,1.121
2001-10-29,1.1066
2001-10-30,1.1038
2001-10-31,1.112
2001-11-01,1.1057
2001-11-02,1.1066
2001-11-05,1.1157
2001-11-06,1.1142
2001-11-07,1.1112
2001-11-08,1.1223
2001-11-09,1.1192
2001-11-12,
2001-11-13,1.1349
2001-11-14,1.1326
2001-11-15,1.1347
2001-11-16,1.1301
2001-11-19,1.1388
2001-11-20,1.1322
2001-11-21,1.1388
2001-11-22,
2001-11-23,1.1403
2001-11-26,1.1349
2001-11-27,1.1348
2001-11-28,1.1283
2001-11-29,1.1263
2001-11-30,1.1163
2001-12-03,1.124
2001-12-04,1.1238
2001-12-05,1.1292
2001-12-06,1.1216
2001-12-07,1.123
2001-12-10,1.1256
2001-12-11,1.1231
2001-12-12,1.1179
2001-12-13,1.1141
2001-12-14,1.1057
2001-12-17,1.1062
2001-12-18,1.1088
2001-12-19,1.1115
2001-12-20,1.1146
2001-12-21,1.1282
2001-12-24,1.1399
2001-12-25,
2001-12-26,1.1392
2001-12-27,1.1308
2001-12-28,1.1335
2001-12-31,1.1235
2002-01-01,
2002-01-02,1.1073
2002-01-03,1.1121
2002-01-04,1.1178
2002-01-07,1.1197
2002-01-08,1.1204
2002-01-09,1.1259
2002-01-10,1.1204
2002-01-11,1.123
2002-01-14,1.1192
2002-01-15,1.122
2002-01-16,1.132
2002-01-17,1.1364
2002-01-18,1.1307
2002-01-21,
2002-01-22,1.1315
2002-01-23,1.1317
2002-01-24,1.1387
2002-01-25,1.1554
2002-01-28,1.1621
2002-01-29,1.157
2002-01-30,1.1563
2002-01-31,1.1636
2002-02-01,1.161
2002-02-04,1.1514
2002-02-05,1.1531
2002-02-06,1.1504
2002-02-07,1.1507
2002-02-08,1.1459
2002-02-11,1.1392
2002-02-12,1.1405
2002-02-13,1.1455
2002-02-14,1.1477
2002-02-15,1.1455
2002-02-18,
2002-02-19,1.141
2002-02-20,1.1488
2002-02-21,1.1478
2002-02-22,1.1419
2002-02-25,1.1477
2002-02-26,1.1518
2002-02-27,1.1571
2002-02-28,1.155
2002-03-01,1.1558
2002-03-04,1.1488
2002-03-05,1.1496
2002-03-06,1.14
2002-03-07,1.137
2002-03-08,1.1426
2002-03-11,1.1405
2002-03-12,1.1417
2002-03-13,1.1403
2002-03-14,1.1343
2002-03-15,1.1334
2002-03-18,1.133
2002-03-19,1.1357
2002-03-20,1.1317
2002-03-21,1.1317
2002-03-22,1.1375
2002-03-25,1.1405
2002-03-26,1.1406
2002-03-27,1.146
2002-03-28,1.148
2002-03-29,1.1472
2002-04-01,1.1356
2002-04-02,1.1387
2002-04-03,1.1358
2002-04-04,1.1391
2002-04-05,1.1357
2002-04-08,1.1429
2002-04-09,1.1373
2002-04-10,1.1371
2002-04-11,1.1326
2002-04-12,1.1374
2002-04-15,1.1361
2002-04-16,1.1325
2002-04-17,1.1255
2002-04-18,1.1238
2002-04-19,1.1245
2002-04-22,1.1265
2002-04-23,1.124
2002-04-24,1.1217
2002-04-25,1.1138
2002-04-26,1.1136
2002-04-29,1.1077
2002-04-30,1.1109
2002-05-01,1.1035
2002-05-02,1.1072
2002-05-03,1.0949
2002-05-06,1.091
2002-05-07,1.0931
2002-05-08,1.1062
2002-05-09,1.1004
2002-05-10,1.097
2002-05-13,1.0981
2002-05-14,1.1084
2002-05-15,1.102
2002-05-16,1.0983
2002-05-17,1.0862
2002-05-20,1.0854
2002-05-21,1.088
2002-05-22,1.0793
2002-05-23,1.0831
2002-05-24,1.0846
2002-05-27,
2002-05-28,1.077
2002-05-29,1.0738
2002-05-30,1.0669
2002-05-31,1.0708
2002-06-03,1.065
2002-06-04,1.0611
2002-06-05,1.0648
2002-06-06,1.0574
2002-06-07,1.0583
2002-06-10,1.0586
2002-06-11,1.0588
2002-06-12,1.0556
2002-06-13,1.0593
2002-06-14,1.0584
2002-06-17,1.0591
2002-06-18,1.0545
2002-06-19,1.0478
2002-06-20,1.0367
2002-06-21,1.0304
2002-06-24,1.0219
2002-06-25,1.0318
2002-06-26,1.0178
2002-06-27,1.0116
2002-06-28,1.0146
2002-07-01,1.0108
2002-07-02,1.0163
2002-07-03,1.0187
2002-07-04,
2002-07-05,1.0277
2002-07-08,1.0133
2002-07-09,1.0062
2002-07-10,1.0111
2002-07-11,1.0074
2002-07-12,1.0097
2002-07-15,0.9929
2002-07-16,0.9914
2002-07-17,0.9923
2002-07-18,0.9933
2002-07-19,0.9846
2002-07-22,0.9903
2002-07-23,1.0067
2002-07-24,1.0055
2002-07-25,1.0003
2002-07-26,1.0119
2002-07-29,1.0226
2002-07-30,1.0122
2002-07-31,1.0208
2002-08-01,1.016
2002-08-02,1.0119
2002-08-05,1.0156
2002-08-06,1.0373
2002-08-07,1.0269
2002-08-08,1.0359
2002-08-09,1.0294
2002-08-12,1.0227
2002-08-13,1.0218
2002-08-14,1.0135
2002-08-15,1.0187
2002-08-16,1.0167
2002-08-19,1.023
2002-08-20,1.0226
2002-08-21,1.0208
2002-08-22,1.0312
2002-08-23,1.0282
2002-08-26,1.0276
2002-08-27,1.019
2002-08-28,1.0183
2002-08-29,1.0174
2002-08-30,1.0198
2002-09-02,
2002-09-03,1.0041
2002-09-04,1.0078
2002-09-05,1.009
2002-09-06,1.016
2002-09-09,1.0186
2002-09-10,1.0254
2002-09-11,1.0284
2002-09-12,1.0245
2002-09-13,1.0264
2002-09-16,1.0285
2002-09-17,1.0325
2002-09-18,1.0216
2002-09-19,1.0186
2002-09-20,1.0164
2002-09-23,1.0181
2002-09-24,1.0188
2002-09-25,1.0207
2002-09-26,1.0251
2002-09-27,1.0233
2002-09-30,1.0122
2002-10-01,1.0143
2002-10-02,1.0161
2002-10-03,1.0131
2002-10-04,1.0182
2002-10-07,1.0187
2002-10-08,1.0208
2002-10-09,1.0134
2002-10-10,1.0141
2002-10-11,1.0148
2002-10-14,
2002-10-15,1.0194
2002-10-16,1.0179
2002-10-17,1.029
2002-10-18,1.0301
2002-10-21,1.0275
2002-10-22,1.0223
2002-10-23,1.0233
2002-10-24,1.0265
2002-10-25,1.0239
2002-10-28,1.016
2002-10-29,1.0151
2002-10-30,1.0168
2002-10-31,1.012
2002-11-01,1.0029
2002-11-04,1.0047
2002-11-05,1.0006
2002-11-06,1.0026
2002-11-07,0.9909
2002-11-08,0.9863
2002-11-11,
2002-11-12,0.9896
2002-11-13,0.994
2002-11-14,0.9966
2002-11-15,0.9919
2002-11-18,0.9918
2002-11-19,0.9894
2002-11-20,0.9976
2002-11-21,1.0016
2002-11-22,1.0034
2002-11-25,1.0063
2002-11-26,1.0088
2002-11-27,1.0106
2002-11-28,
2002-11-29,1.0068
2002-12-02,1.0074
2002-12-03,1.0032
2002-12-04,1.0001
2002-12-05,1.0011
2002-12-06,0.992
2002-12-09,0.9913
2002-12-10,0.9928
2002-12-11,0.9918
2002-12-12,0.9815
2002-12-13,0.9779
2002-12-16,0.9794
2002-12-17,0.974
2002-12-18,0.9752
2002-12-19,0.9788
2002-12-20,0.9739
2002-12-23,0.9788
2002-12-24,0.9704
2002-12-25,
2002-12-26,0.9654
2002-12-27,0.9605
2002-12-30,0.956
2002-12-31,0.9537
2003-01-01,
2003-01-02,0.9652
2003-01-03,0.9599
2003-01-06,0.9552
2003-01-07,0.9598
2003-01-08,0.9572
2003-01-09,0.9554
2003-01-10,0.9492
2003-01-13,0.9492
2003-01-14,0.946
2003-01-15,0.9455
2003-01-16,0.9462
2003-01-17,0.9381
2003-01-20,
2003-01-21,0.9366
2003-01-22,0.9321
2003-01-23,0.9288
2003-01-24,0.9238
2003-01-27,0.9227
2003-01-28,0.9231
2003-01-29,0.9207
2003-01-30,0.928
2003-01-31,0.9312
2003-02-03,0.9293
2003-02-04,0.9195
2003-02-05,0.9223
2003-02-06,0.9235
2003-02-07,0.9258
2003-02-10,0.9311
2003-02-11,0.9305
2003-02-12,0.9332
2003-02-13,0.923
2003-02-14,0.926
2003-02-17,
2003-02-18,0.9339
2003-02-19,0.9308
2003-02-20,0.9241
2003-02-21,0.927
2003-02-24,0.9274
2003-02-25,0.9275
2003-02-26,0.9262
2003-02-27,0.9291
2003-02-28,0.9277
2003-03-03,0.9229
2003-03-04,0.9189
2003-03-05,0.9118
2003-03-06,0.9093
2003-03-07,0.9079
2003-03-10,0.904
2003-03-11,0.9068
2003-03-12,0.9072
2003-03-13,0.92
2003-03-14,0.9324
2003-03-17,0.9429
2003-03-18,0.9413
2003-03-19,0.9443
2003-03-20,0.9422
2003-03-21,0.9483
2003-03-24,0.9395
2003-03-25,0.9369
2003-03-26,0.9366
2003-03-27,0.9339
2003-03-28,0.9292
2003-03-31,0.9174
2003-04-01,0.9171
2003-04-02,0.9289
2003-04-03,0.9314
2003-04-04,0.9336
2003-04-07,0.9415
2003-04-08,0.936
2003-04-09,0.9327
2003-04-10,0.9257
2003-04-11,0.9301
2003-04-14,0.9282
2003-04-15,0.9258
2003-04-16,0.9198
2003-04-17,0.9168
2003-04-18,0.9189
2003-04-21,0.9211
2003-04-22,0.9119
2003-04-23,0.9133
2003-04-24,0.9059
2003-04-25,0.9058
2003-04-28,0.9092
2003-04-29,0.9083
2003-04-30,0.8945
2003-05-01,0.8898
2003-05-02,0.8929
2003-05-05,0.8872
2003-05-06,0.8807
2003-05-07,0.8818
2003-05-08,0.8731
2003-05-09,0.8697
2003-05-12,0.8653
2003-05-13,0.8696
2003-05-14,0.8697
2003-05-15,0.8728
2003-05-16,0.8664
2003-05-19,0.8557
2003-05-20,0.8558
2003-05-21,0.8542
2003-05-22,0.8547
2003-05-23,0.8485
2003-05-26,
2003-05-27,0.8437
2003-05-28,0.8516
2003-05-29,0.845
2003-05-30,0.8499
2003-06-02,0.8515
2003-06-03,0.8546
2003-06-04,0.8541
2003-06-05,0.8425
2003-06-06,0.8551
2003-06-09,0.8516
2003-06-10,0.8557
2003-06-11,0.8501
2003-06-12,0.8498
2003-06-13,0.8453
2003-06-16,0.8444
2003-06-17,0.8466
2003-06-18,0.854
2003-06-19,0.8563
2003-06-20,0.8609
2003-06-23,0.866
2003-06-24,0.8697
2003-06-25,0.8627
2003-06-26,0.875
2003-06-27,0.8754
2003-06-30,0.8694
2003-07-01,0.8636
2003-07-02,0.8678
2003-07-03,0.8693
2003-07-04,
2003-07-07,0.8818
2003-07-08,0.8877
2003-07-09,0.8841
2003-07-10,0.878
2003-07-11,0.8846
2003-07-14,0.8851
2003-07-15,0.8902
2003-07-16,0.8921
2003-07-17,0.8957
2003-07-18,0.8898
2003-07-21,0.8814
2003-07-22,0.883
2003-07-23,0.8708
2003-07-24,0.874
2003-07-25,0.8686
2003-07-28,0.8698
2003-07-29,0.8721
2003-07-30,0.8797
2003-07-31,0.8904
2003-08-01,0.8887
2003-08-04,0.8821
2003-08-05,0.8811
2003-08-06,0.8805
2003-08-07,0.878
2003-08-08,0.8833
2003-08-11,0.8811
2003-08-12,0.8846
2003-08-13,0.8836
2003-08-14,0.889
2003-08-15,0.8885
2003-08-18,0.8978
2003-08-19,0.8995
2003-08-20,0.9006
2003-08-21,0.9111
2003-08-22,0.9199
2003-08-25,0.9181
2003-08-26,0.918
2003-08-27,0.9169
2003-08-28,0.9178
2003-08-29,0.9102
2003-09-01,
2003-09-02,0.9198
2003-09-03,0.9221
2003-09-04,0.9175
2003-09-05,0.9031
2003-09-08,0.899
2003-09-09,0.8937
2003-09-10,0.8933
2003-09-11,0.894
2003-09-12,0.8844
2003-09-15,0.8846
2003-09-16,0.8956
2003-09-17,0.8898
2003-09-18,0.8897
2003-09-19,0.8814
2003-09-22,0.872
2003-09-23,0.8705
2003-09-24,0.8717
2003-09-25,0.8708
2003-09-26,0.8709
2003-09-29,0.8637
2003-09-30,0.8584
2003-10-01,0.8541
2003-10-02,0.8535
2003-10-03,0.8624
2003-10-06,0.8543
2003-10-07,0.8486
2003-10-08,0.8471
2003-10-09,0.8551
2003-10-10,0.8466
2003-10-13,
2003-10-14,0.853
2003-10-15,0.8582
2003-10-16,0.8573
2003-10-17,0.8598
2003-10-20,0.8568
2003-10-21,0.8565
2003-10-22,0.8471
2003-10-23,0.8478
2003-10-24,0.8451
2003-10-27,0.8502
2003-10-28,0.8555
2003-10-29,0.8567
2003-10-30,0.8551
2003-10-31,0.8614
2003-11-03,0.8731
2003-11-04,0.8698
2003-11-05,0.8716
2003-11-06,0.8759
2003-11-07,0.8692
2003-11-10,0.8684
2003-11-11,
2003-11-12,0.8586
2003-11-13,0.8539
2003-11-14,0.8516
2003-11-17,0.8515
2003-11-18,0.8408
2003-11-19,0.8397
2003-11-20,0.8407
2003-11-21,0.8394
2003-11-24,0.8498
2003-11-25,0.8485
2003-11-26,0.8391
2003-11-27,
2003-11-28,0.8337
2003-12-01,0.8364
2003-12-02,0.8275
2003-12-03,0.8269
2003-12-04,0.828
2003-12-05,0.8226
2003-12-08,0.8185
2003-12-09,0.8177
2003-12-10,0.8187
2003-12-11,0.8221
2003-12-12,0.8141
2003-12-15,0.8137
2003-12-16,0.8112
2003-12-17,0.8077
2003-12-18,0.808
2003-12-19,0.8078
2003-12-22,0.8055
2003-12-23,0.8061
2003-12-24,0.8023
2003-12-25,
2003-12-26,0.8038
2003-12-29,0.801
2003-12-30,0.7987
2003-12-31,0.7938
2004-01-01,
2004-01-02,0.7942
2004-01-05,0.7887
2004-01-06,0.7829
2004-01-07,0.7896
2004-01-08,0.783
2004-01-09,0.778
2004-01-12,0.7811
2004-01-13,0.7852
2004-01-14,0.7858
2004-01-15,0.7944
2004-01-16,0.8068
2004-01-19,
2004-01-20,0.7947
2004-01-21,0.7926
2004-01-22,0.7863
2004-01-23,0.793
2004-01-26,0.7967
2004-01-27,0.791
2004-01-28,0.7924
2004-01-29,0.8072
2004-01-30,0.8031
2004-02-02,0.8048
2004-02-03,0.7961
2004-02-04,0.7967
2004-02-05,0.7933
2004-02-06,0.7878
2004-02-09,0.7891
2004-02-10,0.7857
2004-02-11,0.7803
2004-02-12,0.7808
2004-02-13,0.7843
2004-02-16,
2004-02-17,0.7783
2004-02-18,0.7805
2004-02-19,0.7883
2004-02-20,0.796
2004-02-23,0.7956
2004-02-24,0.7879
2004-02-25,0.7998
2004-02-26,0.8036
2004-02-27,0.8038
2004-03-01,0.8044
2004-03-02,0.8189
2004-03-03,0.8273
2004-03-04,0.818
2004-03-05,0.8064
2004-03-08,0.8083
2004-03-09,0.8046
2004-03-10,0.8179
2004-03-11,0.8151
2004-03-12,0.8203
2004-03-15,0.8168
2004-03-16,0.815
2004-03-17,0.8199
2004-03-18,0.807
2004-03-19,0.8151
2004-03-22,0.8085
2004-03-23,0.8123
2004-03-24,0.8188
2004-03-25,0.8217
2004-03-26,0.827
2004-03-29,0.8237
2004-03-30,0.8195
2004-03-31,0.8135
2004-04-01,0.8092
2004-04-02,0.8258
2004-04-05,0.8328
2004-04-06,0.8272
2004-04-07,0.8216
2004-04-08,0.8273
2004-04-09,0.8263
2004-04-12,0.8286
2004-04-13,0.8387
2004-04-14,0.8375
2004-04-15,0.8393
2004-04-16,0.8316
2004-04-19,0.832
2004-04-20,0.8396
2004-04-21,0.8437
2004-04-22,0.8431
2004-04-23,0.8473
2004-04-26,0.8438
2004-04-27,0.8384
2004-04-28,0.8453
2004-04-29,0.8372
2004-04-30,0.8351
2004-05-03,0.8377
2004-05-04,0.8281
2004-05-05,0.822
2004-05-06,0.8271
2004-05-07,0.8414
2004-05-10,0.845
2004-05-11,0.8462
2004-05-12,0.8396
2004-05-13,0.8474
2004-05-14,0.8422
2004-05-17,0.8327
2004-05-18,0.8354
2004-05-19,0.8323
2004-05-20,0.8385
2004-05-21,0.8327
2004-05-24,0.8349
2004-05-25,0.826
2004-05-26,0.8263
2004-05-27,0.8147
2004-05-28,0.8185
2004-05-31,
2004-06-01,0.819
2004-06-02,0.8163
2004-06-03,0.8193
2004-06-04,0.8158
2004-06-07,0.8117
2004-06-08,0.8148
2004-06-09,0.8267
2004-06-10,0.8258
2004-06-11,0.8326
2004-06-14,0.8283
2004-06-15,0.8238
2004-06-16,0.8329
2004-06-17,0.8306
2004-06-18,0.8252
2004-06-21,0.8258
2004-06-22,0.827
2004-06-23,0.8271
2004-06-24,0.8217
2004-06-25,0.8234
2004-06-28,0.8201
2004-06-29,0.8248
2004-06-30,0.8211
2004-07-01,0.8225
2004-07-02,0.8125
2004-07-05,
2004-07-06,0.8137
2004-07-07,0.8075
2004-07-08,0.8071
2004-07-09,0.8072
2004-07-12,0.8059
2004-07-13,0.8129
2004-07-14,0.8074
2004-07-15,0.8082
2004-07-16,0.8041
2004-07-19,0.8044
2004-07-20,0.808
2004-07-21,0.8181
2004-07-22,0.8148
2004-07-23,0.8249
2004-07-26,0.8241
2004-07-27,0.8295
2004-07-28,0.8302
2004-07-29,0.8285
2004-07-30,0.8311
2004-08-02,0.831
2004-08-03,0.8298
2004-08-04,0.8294
2004-08-05,0.8299
2004-08-06,0.8149
2004-08-09,0.8156
2004-08-10,0.8126
2004-08-11,0.8182
2004-08-12,0.8181
2004-08-13,0.8095
2004-08-16,0.8108
2004-08-17,0.8111
2004-08-18,0.8131
2004-08-19,0.8085
2004-08-20,0.8114
2004-08-23,0.8199
2004-08-24,0.8265
2004-08-25,0.8271
2004-08-26,0.8275
2004-08-27,0.8316
2004-08-30,0.8299
2004-08-31,0.8208
2004-09-01,0.8211
2004-09-02,0.8221
2004-09-03,0.8297
2004-09-06,
2004-09-07,0.8269
2004-09-08,0.8221
2004-09-09,0.8204
2004-09-10,0.8142
2004-09-13,0.8163
2004-09-14,0.8151
2004-09-15,0.8235
2004-09-16,0.8228
2004-09-17,0.8214
2004-09-20,0.8216
2004-09-21,0.8154
2004-09-22,0.8156
2004-09-23,0.8131
2004-09-24,0.8159
2004-09-27,0.8125
2004-09-28,0.8126
2004-09-29,0.8125
2004-09-30,0.8053
2004-10-01,0.8065
2004-10-04,0.8147
2004-10-05,0.812
2004-10-06,0.8131
2004-10-07,0.8139
2004-10-08,0.8053
2004-10-11,
2004-10-12,0.8117
2004-10-13,0.8149
2004-10-14,0.8069
2004-10-15,0.8014
2004-10-18,0.7987
2004-10-19,0.799
2004-10-20,0.792
2004-10-21,0.7923
2004-10-22,0.7912
2004-10-25,0.7823
2004-10-26,0.7838
2004-10-27,0.7859
2004-10-28,0.7838
2004-10-29,0.7846
2004-11-01,0.7849
2004-11-02,0.7872
2004-11-03,0.782
2004-11-04,0.7762
2004-11-05,0.7729
2004-11-08,0.773
2004-11-09,0.7734
2004-11-10,0.7737
2004-11-11,
2004-11-12,0.7708
2004-11-15,0.7726
2004-11-16,0.7705
2004-11-17,0.7674
2004-11-18,0.7703
2004-11-19,0.7658
2004-11-22,0.7664
2004-11-23,0.7639
2004-11-24,0.7598
2004-11-25,
2004-11-26,0.7526
2004-11-29,0.7527
2004-11-30,0.7542
2004-12-01,0.7514
2004-12-02,0.7537
2004-12-03,0.7468
2004-12-06,0.7445
2004-12-07,0.7442
2004-12-08,0.7546
2004-12-09,0.7534
2004-12-10,0.7562
2004-12-13,0.7514
2004-12-14,0.753
2004-12-15,0.7447
2004-12-16,0.7526
2004-12-17,0.7522
2004-12-20,0.7465
2004-12-21,0.7476
2004-12-22,0.7468
2004-12-23,0.7412
2004-12-24,0.7388
2004-12-27,0.7339
2004-12-28,0.7342
2004-12-29,0.737
2004-12-30,0.7341
2004-12-31,0.7387
2005-01-03,0.7421
2005-01-04,0.7522
2005-01-05,0.7523
2005-01-06,0.7583
2005-01-07,0.7656
2005-01-10,0.7628
2005-01-11,0.7598
2005-01-12,0.753
2005-01-13,0.7572
2005-01-14,0.763
2005-01-17,
2005-01-18,0.7667
2005-01-19,0.7671
2005-01-20,0.7717
2005-01-21,0.7663
2005-01-24,0.7668
2005-01-25,0.772
2005-01-26,0.7645
2005-01-27,0.7673
2005-01-28,0.7673
2005-01-31,0.7663
2005-02-01,0.7682
2005-02-02,0.7683
2005-02-03,0.7717
2005-02-04,0.7736
2005-02-07,0.7829
2005-02-08,0.7823
2005-02-09,0.7814
2005-02-10,0.7763
2005-02-11,0.7774
2005-02-14,0.7704
2005-02-15,0.7701
2005-02-16,0.7696
2005-02-17,0.7644
2005-02-18,0.7648
2005-02-21,
2005-02-22,0.7559
2005-02-23,0.7571
2005-02-24,0.7573
2005-02-25,0.7579
2005-02-28,0.7534
2005-03-01,0.7582
2005-03-02,0.7618
2005-03-03,0.7616
2005-03-04,0.7551
2005-03-07,0.7574
2005-03-08,0.7495
2005-03-09,0.7472
2005-03-10,0.7458
2005-03-11,0.7427
2005-03-14,0.7493
2005-03-15,0.751
2005-03-16,0.745
2005-03-17,0.7478
2005-03-18,0.7513
2005-03-21,0.7596
2005-03-22,0.757
2005-03-23,0.7689
2005-03-24,0.7718
2005-03-25,0.772
2005-03-28,0.7766
2005-03-29,0.7744
2005-03-30,0.7726
2005-03-31,0.7711
2005-04-01,0.7754
2005-04-04,0.7789
2005-04-05,0.7787
2005-04-06,0.7771
2005-04-07,0.7748
2005-04-08,0.7745
2005-04-11,0.7709
2005-04-12,0.7768
2005-04-13,0.7741
2005-04-14,0.7801
2005-04-15,0.7735
2005-04-18,0.767
2005-04-19,0.7672
2005-04-20,0.7645
2005-04-21,0.7638
2005-04-22,0.7652
2005-04-25,0.7702
2005-04-26,0.7714
2005-04-27,0.7729
2005-04-28,0.7742
2005-04-29,0.7741
2005-05-02,0.7778
2005-05-03,0.7759
2005-05-04,0.773
2005-05-05,0.773
2005-05-06,0.7793
2005-05-09,0.7789
2005-05-10,0.7766
2005-05-11,0.7811
2005-05-12,0.787
2005-05-13,0.7908
2005-05-16,0.7918
2005-05-17,0.7909
2005-05-18,0.7899
2005-05-19,0.7919
2005-05-20,0.7966
2005-05-23,0.7952
2005-05-24,0.7944
2005-05-25,0.7935
2005-05-26,0.7989
2005-05-27,0.7957
2005-05-30,
2005-05-31,0.8098
2005-06-01,0.8175
2005-06-02,0.8153
2005-06-03,0.8179
2005-06-06,0.8151
2005-06-07,0.8145
2005-06-08,0.8117
2005-06-09,0.8186
2005-06-10,0.8246
2005-06-13,0.8309
2005-06-14,0.8307
2005-06-15,0.826
2005-06-16,0.8272
2005-06-17,0.817
2005-06-20,0.8237
2005-06-21,0.8241
2005-06-22,0.8244
2005-06-23,0.8296
2005-06-24,0.8273
2005-06-27,0.8229
2005-06-28,0.828
2005-06-29,0.8264
2005-06-30,0.8266
2005-07-01,0.8363
2005-07-04,
2005-07-05,0.8391
2005-07-06,0.8391
2005-07-07,0.8384
2005-07-08,0.8379
2005-07-11,0.8288
2005-07-12,0.8197
2005-07-13,0.8271
2005-07-14,0.8272
2005-07-15,0.8308
2005-07-18,0.828
2005-07-19,0.8333
2005-07-20,0.8302
2005-07-21,0.8256
2005-07-22,0.8279
2005-07-25,0.8296
2005-07-26,0.8328
2005-07-27,0.83
2005-07-28,0.825
2005-07-29,0.8245
2005-08-01,0.82
2005-08-02,0.8191
2005-08-03,0.8106
2005-08-04,0.8076
2005-08-05,0.8112
2005-08-08,0.809
2005-08-09,0.8099
2005-08-10,0.81
2005-08-11,0.8042
2005-08-12,0.8046
2005-08-15,0.8089
2005-08-16,0.8102
2005-08-17,0.8137
2005-08-18,0.8212
2005-08-19,0.8232
2005-08-22,0.8173
2005-08-23,0.8188
2005-08-24,0.8171
2005-08-25,0.8123
2005-08-26,0.8114
2005-08-29,0.8165
2005-08-30,0.8194
2005-08-31,0.811
2005-09-01,0.8034
2005-09-02,0.7976
2005-09-05,
2005-09-06,0.8011
2005-09-07,0.8039
2005-09-08,0.8065
2005-09-09,0.8043
2005-09-12,0.8138
2005-09-13,0.8155
2005-09-14,0.8142
2005-09-15,0.8186
2005-09-16,0.8187
2005-09-19,0.8228
2005-09-20,0.8212
2005-09-21,0.8191
2005-09-22,0.8228
2005-09-23,0.828
2005-09-26,0.8308
2005-09-27,0.8326
2005-09-28,0.8322
2005-09-29,0.8319
2005-09-30,0.8293
2005-10-03,0.8393
2005-10-04,0.8391
2005-10-05,0.8344
2005-10-06,0.8242
2005-10-07,0.8254
2005-10-10,
2005-10-11,0.8323
2005-10-12,0.8306
2005-10-13,0.8377
2005-10-14,0.8283
2005-10-17,0.8306
2005-10-18,0.8376
2005-10-19,0.8342
2005-10-20,0.8346
2005-10-21,0.8363
2005-10-24,0.8335
2005-10-25,0.8265
2005-10-26,0.8277
2005-10-27,0.8232
2005-10-28,0.8272
2005-10-31,0.8337
2005-11-01,0.8335
2005-11-02,0.8287
2005-11-03,0.8354
2005-11-04,0.8455
2005-11-07,0.8478
2005-11-08,0.8494
2005-11-09,0.8512
2005-11-10,0.8518
2005-11-11,
2005-11-14,0.8571
2005-11-15,0.8551
2005-11-16,0.8568
2005-11-17,0.8543
2005-11-18,0.8517
2005-11-21,0.8522
2005-11-22,0.852
2005-11-23,0.8475
2005-11-24,
2005-11-25,0.853
2005-11-28,0.8472
2005-11-29,0.8485
2005-11-30,0.8482
2005-12-01,0.8546
2005-12-02,0.8548
2005-12-05,0.8484
2005-12-06,0.8486
2005-12-07,0.8531
2005-12-08,0.8453
2005-12-09,0.8457
2005-12-12,0.8355
2005-12-13,0.8385
2005-12-14,0.8305
2005-12-15,0.8358
2005-12-16,0.8325
2005-12-19,0.8336
2005-12-20,0.844
2005-12-21,0.8463
2005-12-22,0.8415
2005-12-23,0.8434
2005-12-26,
2005-12-27,0.8435
2005-12-28,0.8421
2005-12-29,0.8442
2005-12-30,0.8445
2006-01-02,
2006-01-03,0.8347
2006-01-04,0.8271
2006-01-05,0.8264
2006-01-06,0.8232
2006-01-09,0.8289
2006-01-10,0.829
2006-01-11,0.8241
2006-01-12,0.8309
2006-01-13,0.8262
2006-01-16,
2006-01-17,0.8283
2006-01-18,0.8276
2006-01-19,0.8258
2006-01-20,0.8264
2006-01-23,0.8146
2006-01-24,0.8139
2006-01-25,0.8162
2006-01-26,0.8177
2006-01-27,0.8244
2006-01-30,0.8271
2006-01-31,0.8225
2006-02-01,0.827
2006-02-02,0.8264
2006-02-03,0.8319
2006-02-06,0.8354
2006-02-07,0.8351
2006-02-08,0.8379
2006-02-09,0.8359
2006-02-10,0.8389
2006-02-13,0.84
2006-02-14,0.8407
2006-02-15,0.8415
2006-02-16,0.8416
2006-02-17,0.8399
2006-02-20,
2006-02-21,0.8395
2006-02-22,0.84
2006-02-23,0.8387
2006-02-24,0.8416
2006-02-27,0.8432
2006-02-28,0.8386
2006-03-01,0.8404
2006-03-02,0.8331
2006-03-03,0.8314
2006-03-06,0.8332
2006-03-07,0.8412
2006-03-08,0.8393
2006-03-09,0.8389
2006-03-10,0.8413
2006-03-13,0.8374
2006-03-14,0.8316
2006-03-15,0.8302
2006-03-16,0.823
2006-03-17,0.8199
2006-03-20,0.8218
2006-03-21,0.8279
2006-03-22,0.8268
2006-03-23,0.8344
2006-03-24,0.831
2006-03-27,0.8323
2006-03-28,0.828
2006-03-29,0.8313
2006-03-30,0.8243
2006-03-31,0.8238
2006-04-03,0.8248
2006-04-04,0.8158
2006-04-05,0.8149
2006-04-06,0.8186
2006-04-07,0.8258
2006-04-10,0.8271
2006-04-11,0.8247
2006-04-12,0.826
2006-04-13,0.826
2006-04-14,0.826
2006-04-17,0.8152
2006-04-18,0.8147
2006-04-19,0.81
2006-04-20,0.8113
2006-04-21,0.8104
2006-04-24,0.8082
2006-04-25,0.8057
2006-04-26,0.8023
2006-04-27,0.7984
2006-04-28,0.7921
2006-05-01,0.7932
2006-05-02,0.7909
2006-05-03,0.7912
2006-05-04,0.7884
2006-05-05,0.7854
2006-05-08,0.7862
2006-05-09,0.7845
2006-05-10,0.7813
2006-05-11,0.7779
2006-05-12,0.7759
2006-05-15,0.7797
2006-05-16,0.7802
2006-05-17,0.786
2006-05-18,0.7816
2006-05-19,0.7843
2006-05-22,0.7782
2006-05-23,0.7786
2006-05-24,0.7845
2006-05-25,0.7827
2006-05-26,0.785
2006-05-29,
2006-05-30,0.7771
2006-05-31,0.7792
2006-06-01,0.7798
2006-06-02,0.7745
2006-06-05,0.772
2006-06-06,0.7795
2006-06-07,0.7813
2006-06-08,0.7906
2006-06-09,0.7914
2006-06-12,0.7945
2006-06-13,0.7953
2006-06-14,0.7917
2006-06-15,0.7926
2006-06-16,0.7922
2006-06-19,0.7951
2006-06-20,0.7957
2006-06-21,0.7896
2006-06-22,0.7948
2006-06-23,0.7986
2006-06-26,0.7966
2006-06-27,0.7943
2006-06-28,0.798
2006-06-29,0.7978
2006-06-30,0.7825
2006-07-03,0.7817
2006-07-04,
2006-07-05,0.7858
2006-07-06,0.7839
2006-07-07,0.7799
2006-07-10,0.7843
2006-07-11,0.7841
2006-07-12,0.787
2006-07-13,0.7891
2006-07-14,0.7911
2006-07-17,0.7981
2006-07-18,0.8
2006-07-19,0.7962
2006-07-20,0.7912
2006-07-21,0.7884
2006-07-24,0.7918
2006-07-25,0.7952
2006-07-26,0.7919
2006-07-27,0.7854
2006-07-28,0.7844
2006-07-31,0.7835
2006-08-01,0.7826
2006-08-02,0.7814
2006-08-03,0.7825
2006-08-04,0.7756
2006-08-07,0.7772
2006-08-08,0.7789
2006-08-09,0.7759
2006-08-10,0.7834
2006-08-11,0.7839
2006-08-14,0.7852
2006-08-15,0.782
2006-08-16,0.7774
2006-08-17,0.777
2006-08-18,0.7806
2006-08-21,0.7744
2006-08-22,0.781
2006-08-23,0.7816
2006-08-24,0.7837
2006-08-25,0.7833
2006-08-28,0.7822
2006-08-29,0.7832
2006-08-30,0.7797
2006-08-31,0.7817
2006-09-01,0.7792
2006-09-04,
2006-09-05,0.7806
2006-09-06,0.782
2006-09-07,0.7839
2006-09-08,0.7891
2006-09-11,0.7875
2006-09-12,0.7878
2006-09-13,0.7869
2006-09-14,0.7852
2006-09-15,0.7906
2006-09-18,0.7892
2006-09-19,0.7885
2006-09-20,0.7873
2006-09-21,0.7855
2006-09-22,0.7815
2006-09-25,0.7845
2006-09-26,0.7882
2006-09-27,0.7875
2006-09-28,0.7876
2006-09-29,0.7882
2006-10-02,0.7847
2006-10-03,0.7857
2006-10-04,0.7882
2006-10-05,0.7882
2006-10-06,0.7937
2006-10-09,
2006-10-10,0.7974
2006-10-11,0.797
2006-10-12,0.7976
2006-10-13,0.7999
2006-10-16,0.7988
2006-10-17,0.7959
2006-10-18,0.799
2006-10-19,0.794
2006-10-20,0.7928
2006-10-23,0.7972
2006-10-24,0.7959
2006-10-25,0.7942
2006-10-26,0.7893
2006-10-27,0.7859
2006-10-30,0.7863
2006-10-31,0.7829
2006-11-01,0.783
2006-11-02,0.7825
2006-11-03,0.7871
2006-11-06,0.7865
2006-11-07,0.7809
2006-11-08,0.7828
2006-11-09,0.7791
2006-11-10,0.7775
2006-11-13,0.7806
2006-11-14,0.7805
2006-11-15,0.7808
2006-11-16,0.7808
2006-11-17,0.7798
2006-11-20,0.7806
2006-11-21,0.7798
2006-11-22,0.7735
2006-11-23,
2006-11-24,0.7645
2006-11-27,0.7622
2006-11-28,0.7598
2006-11-29,0.7607
2006-11-30,0.7541
2006-12-01,0.751
2006-12-04,0.7504
2006-12-05,0.7504
2006-12-06,0.7515
2006-12-07,0.7521
2006-12-08,0.7567
2006-12-11,0.7563
2006-12-12,0.7557
2006-12-13,0.7567
2006-12-14,0.7591
2006-12-15,0.7637
2006-12-18,0.7649
2006-12-19,0.7579
2006-12-20,0.7586
2006-12-21,0.759
2006-12-22,0.7616
2006-12-25,
2006-12-26,0.7615
2006-12-27,0.7619
2006-12-28,0.76
2006-12-29,0.7577
2007-01-01,
2007-01-02,0.7527
2007-01-03,0.7594
2007-01-04,0.7637
2007-01-05,0.7689
2007-01-08,0.7679
2007-01-09,0.7695
2007-01-10,0.7728
2007-01-11,0.775
2007-01-12,0.7736
2007-01-15,
2007-01-16,0.7741
2007-01-17,0.7723
2007-01-18,0.7727
2007-01-19,0.7711
2007-01-22,0.7718
2007-01-23,0.7678
2007-01-24,0.7714
2007-01-25,0.7704
2007-01-26,0.7747
2007-01-29,0.7723
2007-01-30,0.772
2007-01-31,0.7693
2007-02-01,0.768
2007-02-02,0.7716
2007-02-05,0.7732
2007-02-06,0.7711
2007-02-07,0.768
2007-02-08,0.7672
2007-02-09,0.7689
2007-02-12,0.7715
2007-02-13,0.7678
2007-02-14,0.7618
2007-02-15,0.761
2007-02-16,0.7612
2007-02-19,
2007-02-20,0.7614
2007-02-21,0.7618
2007-02-22,0.7614
2007-02-23,0.7596
2007-02-26,0.7599
2007-02-27,0.7549
2007-02-28,0.7559
2007-03-01,0.7591
2007-03-02,0.7586
2007-03-05,0.7637
2007-03-06,0.7629
2007-03-07,0.7606
2007-03-08,0.7617
2007-03-09,0.7623
2007-03-12,0.7584
2007-03-13,0.7576
2007-03-14,0.756
2007-03-15,0.7548
2007-03-16,0.7515
2007-03-19,0.7519
2007-03-20,0.7524
2007-03-21,0.7516
2007-03-22,0.7486
2007-03-23,0.7518
2007-03-26,0.7499
2007-03-27,0.7487
2007-03-28,0.7501
2007-03-29,0.7499
2007-03-30,0.7477
2007-04-02,0.7477
2007-04-03,0.7483
2007-04-04,0.7483
2007-04-05,0.7448
2007-04-06,0.7474
2007-04-09,0.7481
2007-04-10,0.7443
2007-04-11,0.7443
2007-04-12,0.7416
2007-04-13,0.7398
2007-04-16,0.738
2007-04-17,0.737
2007-04-18,0.7367
2007-04-19,0.735
2007-04-20,0.7352
2007-04-23,0.7364
2007-04-24,0.7341
2007-04-25,0.7328
2007-04-26,0.7358
2007-04-27,0.7339
2007-04-30,0.7321
2007-05-01,0.7353
2007-05-02,0.7354
2007-05-03,0.7371
2007-05-04,0.736
2007-05-07,0.7344
2007-05-08,0.739
2007-05-09,0.7381
2007-05-10,0.7401
2007-05-11,0.7397
2007-05-14,0.7383
2007-05-15,0.7351
2007-05-16,0.7395
2007-05-17,0.7411
2007-05-18,0.7401
2007-05-21,0.7431
2007-05-22,0.7427
2007-05-23,0.7417
2007-05-24,0.7447
2007-05-25,0.7434
2007-05-28,
2007-05-29,0.7417
2007-05-30,0.7452
2007-05-31,0.7433
2007-06-01,0.744
2007-06-04,0.7414
2007-06-05,0.7393
2007-06-06,0.7412
2007-06-07,0.7432
2007-06-08,0.7486
2007-06-11,0.7486
2007-06-12,0.7505
2007-06-13,0.7522
2007-06-14,0.7513
2007-06-15,0.7482
2007-06-18,0.7462
2007-06-19,0.7454
2007-06-20,0.7448
2007-06-21,0.7463
2007-06-22,0.7442
2007-06-25,0.7435
2007-06-26,0.7425
2007-06-27,0.7444
2007-06-28,0.7426
2007-06-29,0.7396
2007-07-02,0.7338
2007-07-03,0.7345
2007-07-04,
2007-07-05,0.7357
2007-07-06,0.7339
2007-07-09,0.7341
2007-07-10,0.7292
2007-07-11,0.7269
2007-07-12,0.7259
2007-07-13,0.7253
2007-07-16,0.7254
2007-07-17,0.7256
2007-07-18,0.7242
2007-07-19,0.7241
2007-07-20,0.723
2007-07-23,0.7237
2007-07-24,0.7234
2007-07-25,0.7293
2007-07-26,0.7283
2007-07-27,0.7328
2007-07-30,0.7309
2007-07-31,0.7293
2007-08-01,0.7309
2007-08-02,0.7303
2007-08-03,0.7254
2007-08-06,0.7252
2007-08-07,0.7274
2007-08-08,0.7242
2007-08-09,0.7299
2007-08-10,0.7307
2007-08-13,0.734
2007-08-14,0.7363
2007-08-15,0.7419
2007-08-16,0.7462
2007-08-17,0.7412
2007-08-20,0.7425
2007-08-21,0.7417
2007-08-22,0.7388
2007-08-23,0.7375
2007-08-24,0.7329
2007-08-27,0.7329
2007-08-28,0.7339
2007-08-29,0.7313
2007-08-30,0.7327
2007-08-31,0.7331
2007-09-03,0.7331
2007-09-04,0.735
2007-09-05,0.7316
2007-09-06,0.7301
2007-09-07,0.7261
2007-09-10,0.725
2007-09-11,0.7227
2007-09-12,0.7192
2007-09-13,0.7202
2007-09-14,0.7221
2007-09-17,0.7215
2007-09-18,0.721
2007-09-19,0.7168
2007-09-20,0.7096
2007-09-21,0.7104
2007-09-24,0.7099
2007-09-25,0.7078
2007-09-26,0.7079
2007-09-27,0.7073
2007-09-28,0.7033
2007-10-01,0.7028
2007-10-02,0.7061
2007-10-03,0.7075
2007-10-04,0.7078
2007-10-05,0.7065
2007-10-08,0.7065
2007-10-09,0.7096
2007-10-10,0.7064
2007-10-11,0.7028
2007-10-12,0.7058
2007-10-15,0.7034
2007-10-16,0.706
2007-10-17,0.7038
2007-10-18,0.6997
2007-10-19,0.7011
2007-10-22,0.7073
2007-10-23,0.7019
2007-10-24,0.7024
2007-10-25,0.6993
2007-10-26,0.6949
2007-10-29,0.6942
2007-10-30,0.6933
2007-10-31,0.6912
2007-11-01,0.6928
2007-11-02,0.6906
2007-11-05,0.6911
2007-11-06,0.687
2007-11-07,0.6818
2007-11-08,0.6807
2007-11-09,0.6819
2007-11-12,
2007-11-13,0.685
2007-11-14,0.6817
2007-11-15,0.6831
2007-11-16,0.6825
2007-11-19,0.6822
2007-11-20,0.6763
2007-11-21,0.6744
2007-11-22,0.6744
2007-11-23,0.6745
2007-11-26,0.6729
2007-11-27,0.6749
2007-11-28,0.678
2007-11-29,0.6772
2007-11-30,0.6808
2007-12-03,0.6823
2007-12-04,0.6776
2007-12-05,0.6818
2007-12-06,0.6832
2007-12-07,0.6819
2007-12-10,0.6796
2007-12-11,0.6802
2007-12-12,0.6802
2007-12-13,0.6854
2007-12-14,0.6929
2007-12-17,0.6959
2007-12-18,0.6948
2007-12-19,0.6972
2007-12-20,0.6967
2007-12-21,0.6963
2007-12-24,0.694
2007-12-25,
2007-12-26,0.6897
2007-12-27,0.6849
2007-12-28,0.6794
2007-12-31,0.6848
2008-01-01,
2008-01-02,0.6785
2008-01-03,0.6786
2008-01-04,0.6763
2008-01-07,0.681
2008-01-08,0.6795
2008-01-09,0.682
2008-01-10,0.6784
2008-01-11,0.6763
2008-01-14,0.6722
2008-01-15,0.6738
2008-01-16,0.6829
2008-01-17,0.6807
2008-01-18,0.6842
2008-01-21,
2008-01-22,0.6845
2008-01-23,0.6862
2008-01-24,0.6786
2008-01-25,0.6815
2008-01-28,0.6762
2008-01-29,0.6772
2008-01-30,0.6765
2008-01-31,0.6738
2008-02-01,0.6734
2008-02-04,0.6742
2008-02-05,0.6832
2008-02-06,0.6827
2008-02-07,0.6899
2008-02-08,0.6894
2008-02-11,0.6894
2008-02-12,0.6853
2008-02-13,0.6864
2008-02-14,0.6833
2008-02-15,0.6815
2008-02-18,
2008-02-19,0.6783
2008-02-20,0.682
2008-02-21,0.6751
2008-02-22,0.6745
2008-02-25,0.6747
2008-02-26,0.6716
2008-02-27,0.6609
2008-02-28,0.6591
2008-02-29,0.6585
2008-03-03,0.6581
2008-03-04,0.6575
2008-03-05,0.6544
2008-03-06,0.6512
2008-03-07,0.6522
2008-03-10,0.6507
2008-03-11,0.6524
2008-03-12,0.6454
2008-03-13,0.6417
2008-03-14,0.6409
2008-03-17,0.6343
2008-03-18,0.6336
2008-03-19,0.6393
2008-03-20,0.6486
2008-03-21,0.6474
2008-03-24,0.6496
2008-03-25,0.6412
2008-03-26,0.6345
2008-03-27,0.633
2008-03-28,0.6346
2008-03-31,0.6327
2008-04-01,0.6404
2008-04-02,0.6403
2008-04-03,0.6383
2008-04-04,0.6355
2008-04-07,0.6364
2008-04-08,0.6367
2008-04-09,0.6328
2008-04-10,0.6352
2008-04-11,0.6331
2008-04-14,0.6318
2008-04-15,0.6329
2008-04-16,0.6259
2008-04-17,0.628
2008-04-18,0.6352
2008-04-21,0.6297
2008-04-22,0.6246
2008-04-23,0.629
2008-04-24,0.6382
2008-04-25,0.6396
2008-04-28,0.6391
2008-04-29,0.6409
2008-04-30,0.6423
2008-05-01,0.6469
2008-05-02,0.648
2008-05-05,0.6455
2008-05-06,0.6432
2008-05-07,0.6506
2008-05-08,0.649
2008-05-09,0.6474
2008-05-12,0.6437
2008-05-13,0.6448
2008-05-14,0.6465
2008-05-15,0.6455
2008-05-16,0.6414
2008-05-19,0.6445
2008-05-20,0.6383
2008-05-21,0.634
2008-05-22,0.6368
2008-05-23,0.6336
2008-05-26,
2008-05-27,0.6357
2008-05-28,0.6399
2008-05-29,0.644
2008-05-30,0.6427
2008-06-02,0.6431
2008-06-03,0.6471
2008-06-04,0.6471
2008-06-05,0.6427
2008-06-06,0.6357
2008-06-09,0.6362
2008-06-10,0.6463
2008-06-11,0.6426
2008-06-12,0.6486
2008-06-13,0.6507
2008-06-16,0.6463
2008-06-17,0.6444
2008-06-18,0.6451
2008-06-19,0.6451
2008-06-20,0.64
2008-06-23,0.6455
2008-06-24,0.6414
2008-06-25,0.6423
2008-06-26,0.6354
2008-06-27,0.635
2008-06-30,0.635
2008-07-01,0.6338
2008-07-02,0.6302
2008-07-03,0.6366
2008-07-04,
2008-07-07,0.6391
2008-07-08,0.6389
2008-07-09,0.6352
2008-07-10,0.6341
2008-07-11,0.629
2008-07-14,0.6284
2008-07-15,0.628
2008-07-16,0.631
2008-07-17,0.6305
2008-07-18,0.6307
2008-07-21,0.6298
2008-07-22,0.6325
2008-07-23,0.6366
2008-07-24,0.6387
2008-07-25,0.6375
2008-07-28,0.635
2008-07-29,0.6415
2008-07-30,0.6427
2008-07-31,0.6415
2008-08-01,0.6424
2008-08-04,0.6423
2008-08-05,0.6465
2008-08-06,0.649
2008-08-07,0.6518
2008-08-08,0.6646
2008-08-11,0.6685
2008-08-12,0.6709
2008-08-13,0.6714
2008-08-14,0.6731
2008-08-15,0.6805
2008-08-18,0.6789
2008-08-19,0.6782
2008-08-20,0.6802
2008-08-21,0.6723
2008-08-22,0.6757
2008-08-25,0.6755
2008-08-26,0.6821
2008-08-27,0.681
2008-08-28,0.681
2008-08-29,0.6817
2008-09-01,
2008-09-02,0.6886
2008-09-03,0.6902
2008-09-04,0.6964
2008-09-05,0.7006
2008-09-08,0.7079
2008-09-09,0.7056
2008-09-10,0.7133
2008-09-11,0.7174
2008-09-12,0.7056
2008-09-15,0.7055
2008-09-16,0.7065
2008-09-17,0.7035
2008-09-18,0.6953
2008-09-19,0.6952
2008-09-22,0.6804
2008-09-23,0.6786
2008-09-24,0.6824
2008-09-25,0.6829
2008-09-26,0.6851
2008-09-29,0.6954
2008-09-30,0.7102
2008-10-01,0.7113
2008-10-02,0.7218
2008-10-03,0.7238
2008-10-06,0.7403
2008-10-07,0.7327
2008-10-08,0.731
2008-10-09,0.7328
2008-10-10,0.7423
2008-10-13,
2008-10-14,0.7322
2008-10-15,0.7371
2008-10-16,0.7454
2008-10-17,0.7428
2008-10-20,0.7511
2008-10-21,0.7632
2008-10-22,0.7791
2008-10-23,0.7765
2008-10-24,0.7912
2008-10-27,0.8035
2008-10-28,0.8015
2008-10-29,0.7781
2008-10-30,0.7782
2008-10-31,0.7885
2008-11-03,0.7862
2008-11-04,0.768
2008-11-05,0.7669
2008-11-06,0.7839
2008-11-07,0.7827
2008-11-10,0.7837
2008-11-11,
2008-11-12,0.7963
2008-11-13,0.7983
2008-11-14,0.7855
2008-11-17,0.7858
2008-11-18,0.788
2008-11-19,0.794
2008-11-20,0.7984
2008-11-21,0.798
2008-11-24,0.7758
2008-11-25,0.7675
2008-11-26,0.7795
2008-11-27,
2008-11-28,0.7878
2008-12-01,0.7915
2008-12-02,0.7859
2008-12-03,0.7893
2008-12-04,0.7788
2008-12-05,0.7903
2008-12-08,0.7727
2008-12-09,0.773
2008-12-10,0.7678
2008-12-11,0.7522
2008-12-12,0.7491
2008-12-15,0.7319
2008-12-16,0.7241
2008-12-17,0.6965
2008-12-18,0.6994
2008-12-19,0.7207
2008-12-22,0.7167
2008-12-23,0.716
2008-12-24,0.7161
2008-12-25,
2008-12-26,0.7111
2008-12-29,0.7026
2008-12-30,0.71
2008-12-31,0.7184
2009-01-01,
2009-01-02,0.7171
2009-01-05,0.7366
2009-01-06,0.7438
2009-01-07,0.729
2009-01-08,0.7292
2009-01-09,0.741
2009-01-12,0.7492
2009-01-13,0.7577
2009-01-14,0.7591
2009-01-15,0.7637
2009-01-16,0.7551
2009-01-19,
2009-01-20,0.7724
2009-01-21,0.777
2009-01-22,0.7719
2009-01-23,0.7783
2009-01-26,0.762
2009-01-27,0.7599
2009-01-28,0.7551
2009-01-29,0.7699
2009-01-30,0.781
2009-02-02,0.7808
2009-02-03,0.7686
2009-02-04,0.7778
2009-02-05,0.7789
2009-02-06,0.7768
2009-02-09,0.7655
2009-02-10,0.7712
2009-02-11,0.7756
2009-02-12,0.7799
2009-02-13,0.7765
2009-02-16,
2009-02-17,0.7955
2009-02-18,0.797
2009-02-19,0.789
2009-02-20,0.788
2009-02-23,0.7845
2009-02-24,0.7848
2009-02-25,0.7855
2009-02-26,0.7835
2009-02-27,0.7898
2009-03-02,0.7949
2009-03-03,0.7969
2009-03-04,0.7932
2009-03-05,0.7959
2009-03-06,0.789
2009-03-09,0.7914
2009-03-10,0.7842
2009-03-11,0.7828
2009-03-12,0.7813
2009-03-13,0.7757
2009-03-16,0.7694
2009-03-17,0.7709
2009-03-18,0.7628
2009-03-19,0.7283
2009-03-20,0.7371
2009-03-23,0.737
2009-03-24,0.7394
2009-03-25,0.7386
2009-03-26,0.7375
2009-03-27,0.7515
2009-03-30,0.7607
2009-03-31,0.7541
2009-04-01,0.7563
2009-04-02,0.7431
2009-04-03,0.7437
2009-04-06,0.7483
2009-04-07,0.7529
2009-04-08,0.7526
2009-04-09,0.7605
2009-04-10,0.7609
2009-04-13,0.7488
2009-04-14,0.7532
2009-04-15,0.7586
2009-04-16,0.7577
2009-04-17,0.7675
2009-04-20,0.775
2009-04-21,0.7705
2009-04-22,0.7685
2009-04-23,0.7664
2009-04-24,0.7532
2009-04-27,0.7613
2009-04-28,0.7656
2009-04-29,0.7505
2009-04-30,0.7551
2009-05-01,0.7537
2009-05-04,0.7482
2009-05-05,0.7477
2009-05-06,0.7511
2009-05-07,0.7457
2009-05-08,0.7411
2009-05-11,0.7342
2009-05-12,0.7332
2009-05-13,0.7346
2009-05-14,0.7349
2009-05-15,0.7386
2009-05-18,0.7406
2009-05-19,0.7349
2009-05-20,0.7265
2009-05-21,0.7244
2009-05-22,0.714
2009-05-25,
2009-05-26,0.7147
2009-05-27,0.7182
2009-05-28,0.7169
2009-05-29,0.7079
2009-06-01,0.7046
2009-06-02,0.7008
2009-06-03,0.7045
2009-06-04,0.7049
2009-06-05,0.7148
2009-06-08,0.7203
2009-06-09,0.7136
2009-06-10,0.7152
2009-06-11,0.7096
2009-06-12,0.7123
2009-06-15,0.7255
2009-06-16,0.7206
2009-06-17,0.722
2009-06-18,0.7154
2009-06-19,0.7144
2009-06-22,0.7222
2009-06-23,0.7125
2009-06-24,0.7135
2009-06-25,0.7167
2009-06-26,0.7114
2009-06-29,0.7113
2009-06-30,0.7133
2009-07-01,0.7049
2009-07-02,0.7134
2009-07-03,0.7147
2009-07-06,0.7175
2009-07-07,0.7161
2009-07-08,0.7219
2009-07-09,0.713
2009-07-10,0.7181
2009-07-13,0.7157
2009-07-14,0.7158
2009-07-15,0.7084
2009-07-16,0.7085
2009-07-17,0.7082
2009-07-20,0.7037
2009-07-21,0.7044
2009-07-22,0.7032
2009-07-23,0.701
2009-07-24,0.7036
2009-07-27,0.7036
2009-07-28,0.7035
2009-07-29,0.7126
2009-07-30,0.7109
2009-07-31,0.7003
2009-08-03,0.6937
2009-08-04,0.6944
2009-08-05,0.6949
2009-08-06,0.6965
2009-08-07,0.7052
2009-08-10,0.7071
2009-08-11,0.7072
2009-08-12,0.7035
2009-08-13,0.7001
2009-08-14,0.7034
2009-08-17,0.7098
2009-08-18,0.7105
2009-08-19,0.7012
2009-08-20,0.7025
2009-08-21,0.6991
2009-08-24,0.6983
2009-08-25,0.6969
2009-08-26,0.7027
2009-08-27,0.7007
2009-08-28,0.6965
2009-08-31,0.6967
2009-09-01,0.7025
2009-09-02,0.702
2009-09-03,0.7004
2009-09-04,0.7004
2009-09-07,
2009-09-08,0.6898
2009-09-09,0.6862
2009-09-10,0.6864
2009-09-11,0.6856
2009-09-14,0.6843
2009-09-15,0.6841
2009-09-16,0.6804
2009-09-17,0.6787
2009-09-18,0.6801
2009-09-21,0.6806
2009-09-22,0.6759
2009-09-23,0.6779
2009-09-24,0.6805
2009-09-25,0.6811
2009-09-28,0.6826
2009-09-29,0.6871
2009-09-30,0.6835
2009-10-01,0.6881
2009-10-02,0.6854
2009-10-05,0.6827
2009-10-06,0.6782
2009-10-07,0.6814
2009-10-08,0.6767
2009-10-09,0.6796
2009-10-12,
2009-10-13,0.6739
2009-10-14,0.6712
2009-10-15,0.6691
2009-10-16,0.6716
2009-10-19,0.669
2009-10-20,0.6709
2009-10-21,0.6663
2009-10-22,0.6665
2009-10-23,0.6654
2009-10-26,0.6693
2009-10-27,0.6747
2009-10-28,0.6774
2009-10-29,0.6748
2009-10-30,0.6777
2009-11-02,0.6744
2009-11-03,0.6822
2009-11-04,0.674
2009-11-05,0.6731
2009-11-06,0.6741
2009-11-09,0.6667
2009-11-10,0.6684
2009-11-11,
2009-11-12,0.6727
2009-11-13,0.6718
2009-11-16,0.6677
2009-11-17,0.6743
2009-11-18,0.6671
2009-11-19,0.6709
2009-11-20,0.6725
2009-11-23,0.6681
2009-11-24,0.6695
2009-11-25,0.6629
2009-11-26,
2009-11-27,0.6683
2009-11-30,0.6669
2009-12-01,0.6623
2009-12-02,0.6641
2009-12-03,0.6631
2009-12-04,0.6718
2009-12-07,0.6748
2009-12-08,0.6784
2009-12-09,0.6791
2009-12-10,0.6795
2009-12-11,0.6849
2009-12-14,0.6828
2009-12-15,0.689
2009-12-16,0.686
2009-12-17,0.6985
2009-12-18,0.7002
2009-12-21,0.6984
2009-12-22,0.7021
2009-12-23,0.6973
2009-12-24,0.696
2009-12-25,
2009-12-28,0.6948
2009-12-29,0.6966
2009-12-30,0.6985
2009-12-31,0.6977
2010-01-01,
2010-01-04,0.6935
2010-01-05,0.6943
2010-01-06,0.6943
2010-01-07,0.6986
2010-01-08,0.6965
2010-01-11,0.6879
2010-01-12,0.6886
2010-01-13,0.69
2010-01-14,0.6907
2010-01-15,0.6956
2010-01-18,
2010-01-19,0.7008
2010-01-20,0.7095
2010-01-21,0.7089
2010-01-22,0.7065
2010-01-25,0.7069
2010-01-26,0.7111
2010-01-27,0.7116
2010-01-28,0.7146
2010-01-29,0.721
2010-02-01,0.7192
2010-02-02,0.7166
2010-02-03,0.7191
2010-02-04,0.7268
2010-02-05,0.7349
2010-02-08,0.73
2010-02-09,0.7249
2010-02-10,0.7288
2010-02-11,0.7331
2010-02-12,0.7339
2010-02-15,
2010-02-16,0.7277
2010-02-17,0.7341
2010-02-18,0.7373
2010-02-19,0.7387
2010-02-22,0.7358
2010-02-23,0.7387
2010-02-24,0.7366
2010-02-25,0.7421
2010-02-26,0.7321
2010-03-01,0.7399
2010-03-02,0.7372
2010-03-03,0.7283
2010-03-04,0.7369
2010-03-05,0.7349
2010-03-08,0.7346
2010-03-09,0.7361
2010-03-10,0.7322
2010-03-11,0.7313
2010-03-12,0.7271
2010-03-15,0.7325
2010-03-16,0.7268
2010-03-17,0.7279
2010-03-18,0.7351
2010-03-19,0.7391
2010-03-22,0.739
2010-03-23,0.7388
2010-03-24,0.7492
2010-03-25,0.7494
2010-03-26,0.7464
2010-03-29,0.7427
2010-03-30,0.7458
2010-03-31,0.7393
2010-04-01,0.737
2010-04-02,0.7415
2010-04-05,0.7415
2010-04-06,0.7475
2010-04-07,0.7483
2010-04-08,0.7485
2010-04-09,0.7425
2010-04-12,0.736
2010-04-13,0.7357
2010-04-14,0.7317
2010-04-15,0.7386
2010-04-16,0.7415
2010-04-19,0.7431
2010-04-20,0.7437
2010-04-21,0.7472
2010-04-22,0.752
2010-04-23,0.7485
2010-04-26,0.7499
2010-04-27,0.7559
2010-04-28,0.7616
2010-04-29,0.7551
2010-04-30,0.7518
2010-05-03,0.7586
2010-05-04,0.767
2010-05-05,0.7758
2010-05-06,0.7881
2010-05-07,0.7861
2010-05-10,0.7775
2010-05-11,0.7865
2010-05-12,0.791
2010-05-13,0.7957
2010-05-14,0.8071
2010-05-17,0.8131
2010-05-18,0.8092
2010-05-19,0.8119
2010-05-20,0.8084
2010-05-21,0.7952
2010-05-24,0.8061
2010-05-25,0.8144
2010-05-26,0.8181
2010-05-27,0.8084
2010-05-28,0.8085
2010-05-31,
2010-06-01,0.8153
2010-06-02,0.8193
2010-06-03,0.8201
2010-06-04,0.8335
2010-06-07,0.8362
2010-06-08,0.8337
2010-06-09,0.8302
2010-06-10,0.8257
2010-06-11,0.828
2010-06-14,0.8145
2010-06-15,0.8112
2010-06-16,0.8115
2010-06-17,0.8087
2010-06-18,0.8091
2010-06-21,0.8074
2010-06-22,0.8128
2010-06-23,0.8123
2010-06-24,0.8138
2010-06-25,0.8109
2010-06-28,0.812
2010-06-29,0.8205
2010-06-30,0.8136
2010-07-01,0.8023
2010-07-02,0.7951
2010-07-05,
2010-07-06,0.7908
2010-07-07,0.794
2010-07-08,0.7885
2010-07-09,0.7912
2010-07-12,0.7954
2010-07-13,0.7862
2010-07-14,0.784
2010-07-15,0.7756
2010-07-16,0.7741
2010-07-19,0.7714
2010-07-20,0.7749
2010-07-21,0.7802
2010-07-22,0.775
2010-07-23,0.7768
2010-07-26,0.7702
2010-07-27,0.7702
2010-07-28,0.7693
2010-07-29,0.7655
2010-07-30,0.7652
2010-08-02,0.7591
2010-08-03,0.7553
2010-08-04,0.76
2010-08-05,0.7601
2010-08-06,0.7529
2010-08-09,0.7552
2010-08-10,0.7637
2010-08-11,0.7753
2010-08-12,0.7772
2010-08-13,0.7833
2010-08-16,0.7789
2010-08-17,0.7758
2010-08-18,0.7769
2010-08-19,0.779
2010-08-20,0.7882
2010-08-23,0.7897
2010-08-24,0.789
2010-08-25,0.7904
2010-08-26,0.7863
2010-08-27,0.7834
2010-08-30,0.7883
2010-08-31,0.7872
2010-09-01,0.7805
2010-09-02,0.7798
2010-09-03,0.7761
2010-09-06,
2010-09-07,0.786
2010-09-08,0.7857
2010-09-09,0.7869
2010-09-10,0.7855
2010-09-13,0.7758
2010-09-14,0.7684
2010-09-15,0.7688
2010-09-16,0.7646
2010-09-17,0.7665
2010-09-20,0.7649
2010-09-21,0.7613
2010-09-22,0.7471
2010-09-23,0.7494
2010-09-24,0.7421
2010-09-27,0.7421
2010-09-28,0.7362
2010-09-29,0.7332
2010-09-30,0.7352
2010-10-01,0.7271
2010-10-04,0.7306
2010-10-05,0.7229
2010-10-06,0.7182
2010-10-07,0.7183
2010-10-08,0.7182
2010-10-11,
2010-10-12,0.7222
2010-10-13,0.7161
2010-10-14,0.7109
2010-10-15,0.7144
2010-10-18,0.7154
2010-10-19,0.7232
2010-10-20,0.7169
2010-10-21,0.7157
2010-10-22,0.7192
2010-10-25,0.715
2010-10-26,0.7208
2010-10-27,0.7253
2010-10-28,0.7179
2010-10-29,0.7197
2010-11-01,0.72
2010-11-02,0.713
2010-11-03,0.7136
2010-11-04,0.703
2010-11-05,0.7126
2010-11-08,0.718
2010-11-09,0.7212
2010-11-10,0.7284
2010-11-11,
2010-11-12,0.7299
2010-11-15,0.7345
2010-11-16,0.7398
2010-11-17,0.7377
2010-11-18,0.7343
2010-11-19,0.7324
2010-11-22,0.7346
2010-11-23,0.7469
2010-11-24,0.7491
2010-11-25,
2010-11-26,0.7551
2010-11-29,0.7638
2010-11-30,0.7671
2010-12-01,0.7605
2010-12-02,0.756
2010-12-03,0.7481
2010-12-06,0.7533
2010-12-07,0.7506
2010-12-08,0.7552
2010-12-09,0.7572
2010-12-10,0.7552
2010-12-13,0.7469
2010-12-14,0.7465
2010-12-15,0.7515
2010-12-16,0.7572
2010-12-17,0.7602
2010-12-20,0.762
2010-12-21,0.7616
2010-12-22,0.764
2010-12-23,0.7633
2010-12-24,
2010-12-27,0.7607
2010-12-28,0.7621
2010-12-29,0.7586
2010-12-30,0.7536
2010-12-31,
2011-01-03,0.7479
2011-01-04,0.7515
2011-01-05,0.7592
2011-01-06,0.7676
2011-01-07,0.7726
2011-01-10,0.7725
2011-01-11,0.7705
2011-01-12,0.7653
2011-01-13,0.7483
2011-01-14,0.7503
2011-01-17,
2011-01-18,0.7463
2011-01-19,0.741
2011-01-20,0.7439
2011-01-21,0.7363
2011-01-24,0.7324
2011-01-25,0.7329
2011-01-26,0.7306
2011-01-27,0.7306
2011-01-28,0.7349
2011-01-31,0.7291
2011-02-01,0.725
2011-02-02,0.7257
2011-02-03,0.7324
2011-02-04,0.7362
2011-02-07,0.7376
2011-02-08,0.7306
2011-02-09,0.7306
2011-02-10,0.7333
2011-02-11,0.7396
2011-02-14,0.7422
2011-02-15,0.7411
2011-02-16,0.7382
2011-02-17,0.7346
2011-02-18,0.7314
2011-02-21,
2011-02-22,0.732
2011-02-23,0.7268
2011-02-24,0.725
2011-02-25,0.7269
2011-02-28,0.725
2011-03-01,0.724
2011-03-02,0.721
2011-03-03,0.717
2011-03-04,0.7152
2011-03-07,0.7155
2011-03-08,0.7188
2011-03-09,0.7191
2011-03-10,0.7234
2011-03-11,0.7213
2011-03-14,0.7156
2011-03-15,0.7159
2011-03-16,0.7183
2011-03-17,0.7132
2011-03-18,0.7072
2011-03-21,0.705
2011-03-22,0.7036
2011-03-23,0.708
2011-03-24,0.7042
2011-03-25,0.707
2011-03-28,0.709
2011-03-29,0.7097
2011-03-30,0.7095
2011-03-31,0.7051
2011-04-01,0.7035
2011-04-04,0.7032
2011-04-05,0.7027
2011-04-06,0.6977
2011-04-07,0.6999
2011-04-08,0.6927
2011-04-11,0.6919
2011-04-12,0.6918
2011-04-13,0.6908
2011-04-14,0.6914
2011-04-15,0.6924
2011-04-18,0.7037
2011-04-19,0.6984
2011-04-20,0.689
2011-04-21,0.6856
2011-04-22,0.6875
2011-04-25,0.6861
2011-04-26,0.6838
2011-04-27,0.6822
2011-04-28,0.6764
2011-04-29,0.6747
2011-05-02,0.6725
2011-05-03,0.6723
2011-05-04,0.673
2011-05-05,0.6857
2011-05-06,0.6899
2011-05-09,0.6993
2011-05-10,0.6965
2011-05-11,0.7008
2011-05-12,0.7028
2011-05-13,0.7072
2011-05-16,0.7033
2011-05-17,0.7065
2011-05-18,0.7008
2011-05-19,0.7016
2011-05-20,0.7056
2011-05-23,0.7135
2011-05-24,0.7089
2011-05-25,0.7091
2011-05-26,0.7098
2011-05-27,0.6999
2011-05-30,
2011-05-31,0.6956
2011-06-01,0.693
2011-06-02,0.6932
2011-06-03,0.6847
2011-06-06,0.684
2011-06-07,0.6814
2011-06-08,0.6855
2011-06-09,0.688
2011-06-10,0.6961
2011-06-13,0.696
2011-06-14,0.6909
2011-06-15,0.7032
2011-06-16,0.7065
2011-06-17,0.698
2011-06-20,0.6983
2011-06-21,0.6945
2011-06-22,0.6943
2011-06-23,0.7059
2011-06-24,0.7048
2011-06-27,0.7002
2011-06-28,0.696
2011-06-29,0.6931
2011-06-30,0.6886
2011-07-01,0.6893
2011-07-04,
2011-07-05,0.6911
2011-07-06,0.6979
2011-07-07,0.6969
2011-07-08,0.7017
2011-07-11,0.7126
2011-07-12,0.7136
2011-07-13,0.7059
2011-07-14,0.7051
2011-07-15,0.7064
2011-07-18,0.7121
2011-07-19,0.7064
2011-07-20,0.7048
2011-07-21,0.6958
2011-07-22,0.6961
2011-07-25,0.6965
2011-07-26,0.6899
2011-07-27,0.6957
2011-07-28,0.6992
2011-07-29,0.695
2011-08-01,0.7041
2011-08-02,0.7026
2011-08-03,0.6983
2011-08-04,0.7063
2011-08-05,0.7063
2011-08-08,0.7022
2011-08-09,0.7021
2011-08-10,0.7046
2011-08-11,0.7027
2011-08-12,0.7023
2011-08-15,0.6919
2011-08-16,0.6934
2011-08-17,0.6927
2011-08-18,0.6983
2011-08-19,0.6941
2011-08-22,0.6952
2011-08-23,0.693
2011-08-24,0.6943
2011-08-25,0.6954
2011-08-26,0.6914
2011-08-29,0.6892
2011-08-30,0.6928
2011-08-31,0.6942
2011-09-01,0.7001
2011-09-02,0.7041
2011-09-05,
2011-09-06,0.7143
2011-09-07,0.7113
2011-09-08,0.717
2011-09-09,0.7317
2011-09-12,0.7334
2011-09-13,0.731
2011-09-14,0.7294
2011-09-15,0.7216
2011-09-16,0.7255
2011-09-19,0.7334
2011-09-20,0.7301
2011-09-21,0.7287
2011-09-22,0.7437
2011-09-23,0.7398
2011-09-26,0.7399
2011-09-27,0.735
2011-09-28,0.7338
2011-09-29,0.7332
2011-09-30,0.7435
2011-10-03,0.753
2011-10-04,0.7522
2011-10-05,0.7503
2011-10-06,0.7458
2011-10-07,0.7401
2011-10-10,
2011-10-11,0.7322
2011-10-12,0.7244
2011-10-13,0.7283
2011-10-14,0.7214
2011-10-17,0.7262
2011-10-18,0.7289
2011-10-19,0.726
2011-10-20,0.7314
2011-10-21,0.7208
2011-10-24,0.7178
2011-10-25,0.7189
2011-10-26,0.7226
2011-10-27,0.7056
2011-10-28,0.706
2011-10-31,0.717
2011-11-01,0.7312
2011-11-02,0.7245
2011-11-03,0.7276
2011-11-04,0.7267
2011-11-07,0.7276
2011-11-08,0.7254
2011-11-09,0.7355
2011-11-10,0.7353
2011-11-11,
2011-11-14,0.7339
2011-11-15,0.7394
2011-11-16,0.7405
2011-11-17,0.7395
2011-11-18,0.7396
2011-11-21,0.7394
2011-11-22,0.7407
2011-11-23,0.7492
2011-11-24,
2011-11-25,0.7551
2011-11-28,0.75
2011-11-29,0.7495
2011-11-30,0.7433
2011-12-01,0.7415
2011-12-02,0.747
2011-12-05,0.7428
2011-12-06,0.7464
2011-12-07,0.747
2011-12-08,0.7505
2011-12-09,0.7481
2011-12-12,0.7583
2011-12-13,0.7637
2011-12-14,0.7709
2011-12-15,0.7685
2011-12-16,0.7678
2011-12-19,0.7682
2011-12-20,0.7648
2011-12-21,0.7669
2011-12-22,0.7666
2011-12-23,0.7669
2011-12-26,
2011-12-27,0.7649
2011-12-28,0.7736
2011-12-29,0.7721
2011-12-30,0.7708
2012-01-02,
2012-01-03,0.7656
2012-01-04,0.7734
2012-01-05,0.7823
2012-01-06,0.786
2012-01-09,0.7846
2012-01-10,0.7824
2012-01-11,0.7883
2012-01-12,0.7802
2012-01-13,0.7885
2012-01-16,
2012-01-17,0.7849
2012-01-18,0.7797
2012-01-19,0.773
2012-01-20,0.7723
2012-01-23,0.7672
2012-01-24,0.769
2012-01-25,0.7705
2012-01-26,0.7603
2012-01-27,0.758
2012-01-30,0.762
2012-01-31,0.7661
2012-02-01,0.7588
2012-02-02,0.7595
2012-02-03,0.763
2012-02-06,0.7616
2012-02-07,0.7551
2012-02-08,0.7545
2012-02-09,0.752
2012-02-10,0.7583
2012-02-13,0.7569
2012-02-14,0.7605
2012-02-15,0.7641
2012-02-16,0.7628
2012-02-17,0.7605
2012-02-20,
2012-02-21,0.7544
2012-02-22,0.7547
2012-02-23,0.7514
2012-02-24,0.7428
2012-02-27,0.7457
2012-02-28,0.7434
2012-02-29,0.7486
2012-03-01,0.7508
2012-03-02,0.7575
2012-03-05,0.7561
2012-03-06,0.7625
2012-03-07,0.7605
2012-03-08,0.7544
2012-03-09,0.7629
2012-03-12,0.761
2012-03-13,0.7628
2012-03-14,0.7678
2012-03-15,0.7651
2012-03-16,0.7592
2012-03-19,0.7552
2012-03-20,0.7563
2012-03-21,0.7582
2012-03-22,0.7579
2012-03-23,0.754
2012-03-26,0.7503
2012-03-27,0.7499
2012-03-28,0.7519
2012-03-29,0.7539
2012-03-30,0.75
2012-04-02,0.7505
2012-04-03,0.7498
2012-04-04,0.7618
2012-04-05,0.7655
2012-04-06,0.764
2012-04-09,0.7641
2012-04-10,0.7652
2012-04-11,0.7631
2012-04-12,0.7592
2012-04-13,0.7644
2012-04-16,0.7653
2012-04-17,0.762
2012-04-18,0.7621
2012-04-19,0.7615
2012-04-20,0.7569
2012-04-23,0.7617
2012-04-24,0.7572
2012-04-25,0.757
2012-04-26,0.7557
2012-04-27,0.7548
2012-04-30,0.7559
2012-05-01,0.7561
2012-05-02,0.7602
2012-05-03,0.7606
2012-05-04,0.7639
2012-05-07,0.7662
2012-05-08,0.7683
2012-05-09,0.772
2012-05-10,0.7717
2012-05-11,0.773
2012-05-14,0.7784
2012-05-15,0.7831
2012-05-16,0.7855
2012-05-17,0.7868
2012-05-18,0.7861
2012-05-21,0.7831
2012-05-22,0.7852
2012-05-23,0.7956
2012-05-24,0.7947
2012-05-25,0.7988
2012-05-28,
2012-05-29,0.8008
2012-05-30,0.8061
2012-05-31,0.8088
2012-06-01,0.8052
2012-06-04,0.8003
2012-06-05,0.8041
2012-06-06,0.7978
2012-06-07,0.7957
2012-06-08,0.8012
2012-06-11,0.7997
2012-06-12,0.8015
2012-06-13,0.7939
2012-06-14,0.7931
2012-06-15,0.7916
2012-06-18,0.795
2012-06-19,0.7879
2012-06-20,0.7872
2012-06-21,0.7945
2012-06-22,0.7971
2012-06-25,0.8013
2012-06-26,0.8019
2012-06-27,0.8028
2012-06-28,0.8043
2012-06-29,0.7894
2012-07-02,0.7947
2012-07-03,0.7924
2012-07-04,
2012-07-05,0.8075
2012-07-06,0.8141
2012-07-09,0.8131
2012-07-10,0.816
2012-07-11,0.8167
2012-07-12,0.8197
2012-07-13,0.8175
2012-07-16,0.8152
2012-07-17,0.8174
2012-07-18,0.8156
2012-07-19,0.8159
2012-07-20,0.8213
2012-07-23,0.8247
2012-07-24,0.829
2012-07-25,0.8243
2012-07-26,0.8143
2012-07-27,0.8084
2012-07-30,0.8163
2012-07-31,0.812
2012-08-01,0.8131
2012-08-02,0.8231
2012-08-03,0.8071
2012-08-06,0.805
2012-08-07,0.805
2012-08-08,0.8088
2012-08-09,0.8145
2012-08-10,0.8131
2012-08-13,0.8104
2012-08-14,0.8111
2012-08-15,0.8138
2012-08-16,0.8093
2012-08-17,0.812
2012-08-20,0.8102
2012-08-21,0.8018
2012-08-22,0.8018
2012-08-23,0.7947
2012-08-24,0.7979
2012-08-27,0.7991
2012-08-28,0.7959
2012-08-29,0.7976
2012-08-30,0.8002
2012-08-31,0.795
2012-09-03,
2012-09-04,0.7958
2012-09-05,0.7935
2012-09-06,0.792
2012-09-07,0.7815
2012-09-10,0.7816
2012-09-11,0.7777
2012-09-12,0.7756
2012-09-13,0.7745
2012-09-14,0.7609
2012-09-17,0.7619
2012-09-18,0.7662
2012-09-19,0.7654
2012-09-20,0.7723
2012-09-21,0.7698
2012-09-24,0.7747
2012-09-25,0.7725
2012-09-26,0.7781
2012-09-27,0.7768
2012-09-28,0.7778
2012-10-01,0.7752
2012-10-02,0.7721
2012-10-03,0.7747
2012-10-04,0.7692
2012-10-05,0.7658
2012-10-08,
2012-10-09,0.7766
2012-10-10,0.7759
2012-10-11,0.7735
2012-10-12,0.7724
2012-10-15,0.7722
2012-10-16,0.7671
2012-10-17,0.7614
2012-10-18,0.763
2012-10-19,0.7679
2012-10-22,0.7655
2012-10-23,0.771
2012-10-24,0.7724
2012-10-25,0.7717
2012-10-26,0.7729
2012-10-29,0.7748
2012-10-30,0.7705
2012-10-31,0.7717
2012-11-01,0.773
2012-11-02,0.7783
2012-11-05,0.7819
2012-11-06,0.7802
2012-11-07,0.7838
2012-11-08,0.7849
2012-11-09,0.7865
2012-11-12,
2012-11-13,0.7864
2012-11-14,0.7849
2012-11-15,0.7823
2012-11-16,0.7865
2012-11-19,0.7809
2012-11-20,0.7804
2012-11-21,0.7803
2012-11-22,
2012-11-23,0.7717
2012-11-26,0.7712
2012-11-27,0.7728
2012-11-28,0.7738
2012-11-29,0.772
2012-11-30,0.7686
2012-12-03,0.7653
2012-12-04,0.7645
2012-12-05,0.7647
2012-12-06,0.7711
2012-12-07,0.7727
2012-12-10,0.7734
2012-12-11,0.7697
2012-12-12,0.767
2012-12-13,0.7647
2012-12-14,0.7614
2012-12-17,0.7594
2012-12-18,0.7562
2012-12-19,0.7541
2012-12-20,0.7562
2012-12-21,0.7595
2012-12-24,0.7588
2012-12-25,
2012-12-26,0.756
2012-12-27,0.756
2012-12-28,0.7564
2012-12-31,0.7584
2013-01-01,
2013-01-02,0.7579
2013-01-03,0.7628
2013-01-04,0.7665
2013-01-07,0.7634
2013-01-08,0.7652
2013-01-09,0.7646
2013-01-10,0.7564
2013-01-11,0.7489
2013-01-14,0.748
2013-01-15,0.7495
2013-01-16,0.7516
2013-01-17,0.7487
2013-01-18,0.7517
2013-01-21,
2013-01-22,0.7517
2013-01-23,0.7514
2013-01-24,0.7475
2013-01-25,0.7432
2013-01-28,0.743
2013-01-29,0.7416
2013-01-30,0.7372
2013-01-31,0.7362
2013-02-01,0.7304
2013-02-04,0.7393
2013-02-05,0.737
2013-02-06,0.7392
2013-02-07,0.7473
2013-02-08,0.7482
2013-02-11,0.7455
2013-02-12,0.7435
2013-02-13,0.7436
2013-02-14,0.75
2013-02-15,0.7484
2013-02-18,
2013-02-19,0.747
2013-02-20,0.7491
2013-02-21,0.7573
2013-02-22,0.7595
2013-02-25,0.7592
2013-02-26,0.766
2013-02-27,0.7631
2013-02-28,0.7646
2013-03-01,0.7699
2013-03-04,0.7695
2013-03-05,0.7681
2013-03-06,0.7698
2013-03-07,0.7635
2013-03-08,0.7697
2013-03-11,0.7684
2013-03-12,0.7679
2013-03-13,0.7723
2013-03-14,0.7708
2013-03-15,0.7648
2013-03-18,0.7718
2013-03-19,0.7759
2013-03-20,0.7722
2013-03-21,0.7735
2013-03-22,0.7695
2013-03-25,0.7763
2013-03-26,0.7777
2013-03-27,0.7824
2013-03-28,0.7787
2013-03-29,0.7803
2013-04-01,0.7778
2013-04-02,0.7791
2013-04-03,0.7784
2013-04-04,0.778
2013-04-05,0.7676
2013-04-08,0.7688
2013-04-09,0.7638
2013-04-10,0.7657
2013-04-11,0.762
2013-04-12,0.7637
2013-04-15,0.7644
2013-04-16,0.761
2013-04-17,0.7663
2013-04-18,0.765
2013-04-19,0.7653
2013-04-22,0.7663
2013-04-23,0.7685
2013-04-24,0.7694
2013-04-25,0.769
2013-04-26,0.7678
2013-04-29,0.7639
2013-04-30,0.7594
2013-05-01,0.758
2013-05-02,0.7653
2013-05-03,0.7627
2013-05-06,0.7653
2013-05-07,0.7642
2013-05-08,0.7589
2013-05-09,0.7631
2013-05-10,0.7719
2013-05-13,0.7704
2013-05-14,0.7711
2013-05-15,0.7778
2013-05-16,0.7753
2013-05-17,0.7802
2013-05-20,0.7773
2013-05-21,0.7746
2013-05-22,0.7774
2013-05-23,0.7726
2013-05-24,0.774
2013-05-27,
2013-05-28,0.777
2013-05-29,0.7726
2013-05-30,0.7668
2013-05-31,0.7699
2013-06-03,0.7635
2013-06-04,0.7648
2013-06-05,0.7641
2013-06-06,0.7548
2013-06-07,0.7552
2013-06-10,0.7556
2013-06-11,0.7531
2013-06-12,0.7488
2013-06-13,0.7511
2013-06-14,0.7502
2013-06-17,0.7496
2013-06-18,0.7459
2013-06-19,0.746
2013-06-20,0.7568
2013-06-21,0.7626
2013-06-24,0.7639
2013-06-25,0.7645
2013-06-26,0.7689
2013-06-27,0.7683
2013-06-28,0.7686
2013-07-01,0.7657
2013-07-02,0.7682
2013-07-03,0.7689
2013-07-04,
2013-07-05,0.7794
2013-07-08,0.7774
2013-07-09,0.7828
2013-07-10,0.7785
2013-07-11,0.7665
2013-07-12,0.7664
2013-07-15,0.7669
2013-07-16,0.7608
2013-07-17,0.7637
2013-07-18,0.7646
2013-07-19,0.7609
2013-07-22,0.758
2013-07-23,0.7569
2013-07-24,0.756
2013-07-25,0.7556
2013-07-26,0.7536
2013-07-29,0.754
2013-07-30,0.7538
2013-07-31,0.7529
2013-08-01,0.7566
2013-08-02,0.7537
2013-08-05,0.7543
2013-08-06,0.7521
2013-08-07,0.7502
2013-08-08,0.7467
2013-08-09,0.7497
2013-08-12,0.7512
2013-08-13,0.7549
2013-08-14,0.7544
2013-08-15,0.754
2013-08-16,0.7507
2013-08-19,0.7492
2013-08-20,0.7448
2013-08-21,0.7481
2013-08-22,0.7484
2013-08-23,0.7467
2013-08-26,0.748
2013-08-27,0.747
2013-08-28,0.7504
2013-08-29,0.756
2013-08-30,0.7578
2013-09-02,
2013-09-03,0.7596
2013-09-04,0.7569
2013-09-05,0.7622
2013-09-06,0.7595
2013-09-09,0.7541
2013-09-10,0.7541
2013-09-11,0.7518
2013-09-12,0.751
2013-09-13,0.7532
2013-09-16,0.7491
2013-09-17,0.7487
2013-09-18,0.749
2013-09-19,0.7393
2013-09-20,0.7395
2013-09-23,0.7396
2013-09-24,0.7413
2013-09-25,0.7388
2013-09-26,0.7416
2013-09-27,0.7387
2013-09-30,0.7388
2013-10-01,0.7389
2013-10-02,0.7357
2013-10-03,0.733
2013-10-04,0.7363
2013-10-07,0.737
2013-10-08,0.7363
2013-10-09,0.74
2013-10-10,0.7388
2013-10-11,0.7375
2013-10-14,
2013-10-15,0.7411
2013-10-16,0.7413
2013-10-17,0.7319
2013-10-18,0.7303
2013-10-21,0.7314
2013-10-22,0.7258
2013-10-23,0.7254
2013-10-24,0.7241
2013-10-25,0.725
2013-10-28,0.7254
2013-10-29,0.7262
2013-10-30,0.7262
2013-10-31,0.7356
2013-11-01,0.7414
2013-11-04,0.7399
2013-11-05,0.7424
2013-11-06,0.7391
2013-11-07,0.7468
2013-11-08,0.7487
2013-11-11,
2013-11-12,0.7447
2013-11-13,0.7432
2013-11-14,0.7425
2013-11-15,0.7418
2013-11-18,0.7396
2013-11-19,0.7392
2013-11-20,0.7434
2013-11-21,0.7424
2013-11-22,0.7382
2013-11-25,0.7406
2013-11-26,0.7377
2013-11-27,0.7373
2013-11-28,
2013-11-29,0.735
2013-12-02,0.7379
2013-12-03,0.7351
2013-12-04,0.7377
2013-12-05,0.7319
2013-12-06,0.7305
2013-12-09,0.7285
2013-12-10,0.7265
2013-12-11,0.7247
2013-12-12,0.7272
2013-12-13,0.7287
2013-12-16,0.7269
2013-12-17,0.7274
2013-12-18,0.7264
2013-12-19,0.7317
2013-12-20,0.7314
2013-12-23,0.7299
2013-12-24,0.7312
2013-12-25,
2013-12-26,0.7305
2013-12-27,0.7264
2013-12-30,0.7238
2013-12-31,0.7257
2014-01-01,
2014-01-02,0.7315
2014-01-03,0.735
2014-01-06,0.7334
2014-01-07,0.7343
2014-01-08,0.7361
2014-01-09,0.7358
2014-01-10,0.7319
2014-01-13,0.7328
2014-01-14,0.7309
2014-01-15,0.7351
2014-01-16,0.7353
2014-01-17,0.7378
2014-01-20,
2014-01-21,0.7375
2014-01-22,0.7382
2014-01-23,0.731
2014-01-24,0.731
2014-01-27,0.731
2014-01-28,0.732
2014-01-29,0.7319
2014-01-30,0.7381
2014-01-31,0.7407
2014-02-03,0.7395
2014-02-04,0.7404
2014-02-05,0.7397
2014-02-06,0.7351
2014-02-07,0.7345
2014-02-10,0.7329
2014-02-11,0.7324
2014-02-12,0.7357
2014-02-13,0.7316
2014-02-14,0.7305
2014-02-17,
2014-02-18,0.7268
2014-02-19,0.7266
2014-02-20,0.7305
2014-02-21,0.7288
2014-02-24,0.7276
2014-02-25,0.7273
2014-02-26,0.7316
2014-02-27,0.7287
2014-02-28,0.7243
2014-03-03,0.7266
2014-03-04,0.7283
2014-03-05,0.7281
2014-03-06,0.7221
2014-03-07,0.7211
2014-03-10,0.7205
2014-03-11,0.7211
2014-03-12,0.7192
2014-03-13,0.718
2014-03-14,0.7182
2014-03-17,0.718
2014-03-18,0.7188
2014-03-19,0.7189
2014-03-20,0.7255
2014-03-21,0.7255
2014-03-24,0.7255
2014-03-25,0.7258
2014-03-26,0.7254
2014-03-27,0.7272
2014-03-28,0.7271
2014-03-31,0.7258
2014-04-01,0.7244
2014-04-02,0.7267
2014-04-03,0.7295
2014-04-04,0.7297
2014-04-07,0.7275
2014-04-08,0.7245
2014-04-09,0.7238
2014-04-10,0.7198
2014-04-11,0.7195
2014-04-14,0.7234
2014-04-15,0.7243
2014-04-16,0.7236
2014-04-17,0.723
2014-04-18,0.7238
2014-04-21,0.7252
2014-04-22,0.7244
2014-04-23,0.7239
2014-04-24,0.7232
2014-04-25,0.7226
2014-04-28,0.7223
2014-04-29,0.7242
2014-04-30,0.721
2014-05-01,0.7211
2014-05-02,0.7213
2014-05-05,0.7203
2014-05-06,0.7182
2014-05-07,0.7185
2014-05-08,0.7213
2014-05-09,0.7266
2014-05-12,0.7267
2014-05-13,0.7293
2014-05-14,0.729
2014-05-15,0.7293
2014-05-16,0.7295
2014-05-19,0.7291
2014-05-20,0.7298
2014-05-21,0.7322
2014-05-22,0.7325
2014-05-23,0.7338
2014-05-26,
2014-05-27,0.7343
2014-05-28,0.7355
2014-05-29,0.7349
2014-05-30,0.7331
2014-06-02,0.735
2014-06-03,0.734
2014-06-04,0.7343
2014-06-05,0.7343
2014-06-06,0.7332
2014-06-09,0.7359
2014-06-10,0.7384
2014-06-11,0.739
2014-06-12,0.7377
2014-06-13,0.7395
2014-06-16,0.7365
2014-06-17,0.7384
2014-06-18,0.7371
2014-06-19,0.7342
2014-06-20,0.7361
2014-06-23,0.7357
2014-06-24,0.7359
2014-06-25,0.7332
2014-06-26,0.7348
2014-06-27,0.7336
2014-06-30,0.7305
2014-07-01,0.7309
2014-07-02,0.7323
2014-07-03,0.7348
2014-07-04,
2014-07-07,0.7351
2014-07-08,0.7345
2014-07-09,0.7337
2014-07-10,0.7353
2014-07-11,0.7354
2014-07-14,0.7342
2014-07-15,0.7368
2014-07-16,0.7391
2014-07-17,0.7391
2014-07-18,0.7399
2014-07-21,0.7394
2014-07-22,0.7424
2014-07-23,0.7428
2014-07-24,0.7425
2014-07-25,0.7445
2014-07-28,0.744
2014-07-29,0.7457
2014-07-30,0.7475
2014-07-31,0.7468
2014-08-01,0.7443
2014-08-04,0.7455
2014-08-05,0.7482
2014-08-06,0.7488
2014-08-07,0.7484
2014-08-08,0.7456
2014-08-11,0.7471
2014-08-12,0.7487
2014-08-13,0.7481
2014-08-14,0.7476
2014-08-15,0.7467
2014-08-18,0.7486
2014-08-19,0.7508
2014-08-20,0.7528
2014-08-21,0.7528
2014-08-22,0.7555
2014-08-25,0.7572
2014-08-26,0.7582
2014-08-27,0.758
2014-08-28,0.7588
2014-08-29,0.7605
2014-09-01,
2014-09-02,0.762
2014-09-03,0.7613
2014-09-04,0.7736
2014-09-05,0.7718
2014-09-08,0.7723
2014-09-09,0.7747
2014-09-10,0.7747
2014-09-11,0.773
2014-09-12,0.7719
2014-09-15,0.7721
2014-09-16,0.7707
2014-09-17,0.7717
2014-09-18,0.7744
2014-09-19,0.7791
2014-09-22,0.7795
2014-09-23,0.7777
2014-09-24,0.782
2014-09-25,0.7844
2014-09-26,0.7883
2014-09-29,0.7872
2014-09-30,0.7919
2014-10-01,0.7925
2014-10-02,0.7893
2014-10-03,0.7989
2014-10-06,0.7942
2014-10-07,0.792
2014-10-08,0.7885
2014-10-09,0.7885
2014-10-10,0.7914
2014-10-13,
2014-10-14,0.7899
2014-10-15,0.7826
2014-10-16,0.7805
2014-10-17,0.784
2014-10-20,0.7823
2014-10-21,0.7859
2014-10-22,0.79
2014-10-23,0.79
2014-10-24,0.789
2014-10-27,0.7867
2014-10-28,0.7845
2014-10-29,0.7836
2014-10-30,0.7923
2014-10-31,0.7981
2014-11-03,0.8008
2014-11-04,0.7966
2014-11-05,0.8008
2014-11-06,0.8055
2014-11-07,0.805
2014-11-10,0.8048
2014-11-11,
2014-11-12,0.8028
2014-11-13,0.8015
2014-11-14,0.8004
2014-11-17,0.8034
2014-11-18,0.7978
2014-11-19,0.7969
2014-11-20,0.7983
2014-11-21,0.8068
2014-11-24,0.8047
2014-11-25,0.8018
2014-11-26,0.7998
2014-11-27,
2014-11-28,0.804
2014-12-01,0.8006
2014-12-02,0.8071
2014-12-03,0.8127
2014-12-04,0.8044
2014-12-05,0.8127
2014-12-08,0.8135
2014-12-09,0.8055
2014-12-10,0.8048
2014-12-11,0.8066
2014-12-12,0.801
2014-12-15,0.8019
2014-12-16,0.7997
2014-12-17,0.8061
2014-12-18,0.8136
2014-12-19,0.8173
2014-12-22,0.8162
2014-12-23,0.821
2014-12-24,0.8205
2014-12-25,
2014-12-26,
2014-12-29,0.8211
2014-12-30,0.8214
2014-12-31,0.8264
2015-01-01,
2015-01-02,0.8323
2015-01-05,0.8391
2015-01-06,0.8378
2015-01-07,0.846
2015-01-08,0.8467
2015-01-09,0.8453
2015-01-12,0.8452
2015-01-13,0.849
2015-01-14,0.847
2015-01-15,0.8622
2015-01-16,0.8683
2015-01-19,
2015-01-20,0.8651
2015-01-21,0.8633
2015-01-22,0.8761
2015-01-23,0.8866
2015-01-26,0.8857
2015-01-27,0.8795
2015-01-28,0.8817
2015-01-29,0.8843
2015-01-30,0.8857
2015-02-02,0.8821
2015-02-03,0.8724
2015-02-04,0.8758
2015-02-05,0.8747
2015-02-06,0.8826
2015-02-09,0.8837
2015-02-10,0.8837
2015-02-11,0.885
2015-02-12,0.8764
2015-02-13,0.8766
2015-02-16,
2015-02-17,0.8776
2015-02-18,0.8817
2015-02-19,0.8778
2015-02-20,0.8794
2015-02-23,0.8814
2015-02-24,0.8844
2015-02-25,0.88
2015-02-26,0.8919
2015-02-27,0.8931
2015-03-02,0.8937
2015-03-03,0.8919
2015-03-04,0.9033
2015-03-05,0.9086
2015-03-06,0.9212
2015-03-09,0.922
2015-03-10,0.934
2015-03-11,0.9455
2015-03-12,0.9421
2015-03-13,0.9502
2015-03-16,0.9456
2015-03-17,0.943
2015-03-18,0.9396
2015-03-19,0.9415
2015-03-20,0.9266
2015-03-23,0.9151
2015-03-24,0.9168
2015-03-25,0.9102
2015-03-26,0.9158
2015-03-27,0.9182
2015-03-30,0.9244
2015-03-31,0.931
2015-04-01,0.9287
2015-04-02,0.9196
2015-04-03,0.9099
2015-04-06,0.9084
2015-04-07,0.9217
2015-04-08,0.9244
2015-04-09,0.9371
2015-04-10,0.9436
2015-04-13,0.945
2015-04-14,0.937
2015-04-15,0.9438
2015-04-16,0.9309
2015-04-17,0.9276
2015-04-20,0.9291
2015-04-21,0.9295
2015-04-22,0.9321
2015-04-23,0.9257
2015-04-24,0.9195
2015-04-27,0.9181
2015-04-28,0.9108
2015-04-29,0.8949
2015-04-30,0.8959
2015-05-01,0.8933
2015-05-04,0.8973
2015-05-05,0.8949
2015-05-06,0.8814
2015-05-07,0.8863
2015-05-08,0.8896
2015-05-11,0.8975
2015-05-12,0.8897
2015-05-13,0.8794
2015-05-14,0.8797
2015-05-15,0.875
2015-05-18,0.8807
2015-05-19,0.8968
2015-05-20,0.9026
2015-05-21,0.8988
2015-05-22,0.9064
2015-05-25,
2015-05-26,0.9195
2015-05-27,0.9184
2015-05-28,0.9163
2015-05-29,0.9096
2015-06-01,0.9163
2015-06-02,0.8985
2015-06-03,0.8861
2015-06-04,0.8872
2015-06-05,0.9003
2015-06-08,0.8903
2015-06-09,0.8862
2015-06-10,0.8844
2015-06-11,0.89
2015-06-12,0.8867
2015-06-15,0.8876
2015-06-16,0.8898
2015-06-17,0.8894
2015-06-18,0.8769
2015-06-19,0.8822
2015-06-22,0.8789
2015-06-23,0.8937
2015-06-24,0.8946
2015-06-25,0.8932
2015-06-26,0.8964
2015-06-29,0.8945
2015-06-30,0.8965
2015-07-01,0.9022
2015-07-02,0.9017
2015-07-03,
2015-07-06,0.9029
2015-07-07,0.9131
2015-07-08,0.9032
2015-07-09,0.907
2015-07-10,0.8969
2015-07-13,0.9074
2015-07-14,0.9079
2015-07-15,0.912
2015-07-16,0.9176
2015-07-17,0.9218
2015-07-20,0.9217
2015-07-21,0.9152
2015-07-22,0.9188
2015-07-23,0.9111
2015-07-24,0.9111
2015-07-27,0.8999
2015-07-28,0.9046
2015-07-29,0.9069
2015-07-30,0.9163
2015-07-31,0.9068
2015-08-03,0.9122
2015-08-04,0.913
2015-08-05,0.9201
2015-08-06,0.9156
2015-08-07,0.9126
2015-08-10,0.9096
2015-08-11,0.9056
2015-08-12,0.893
2015-08-13,0.8973
2015-08-14,0.9001
2015-08-17,0.9027
2015-08-18,0.9068
2015-08-19,0.9041
2015-08-20,0.8929
2015-08-21,0.8806
2015-08-24,0.8636
2015-08-25,0.8764
2015-08-26,0.878
2015-08-27,0.8898
2015-08-28,0.8951
2015-08-31,0.8933
2015-09-01,0.8879
2015-09-02,0.8895
2015-09-03,0.9006
2015-09-04,0.8995
2015-09-07,
2015-09-08,0.8943
2015-09-09,0.8957
2015-09-10,0.8879
2015-09-11,0.882
2015-09-14,0.8844
2015-09-15,0.8881
2015-09-16,0.8846
2015-09-17,0.884
2015-09-18,0.8804
2015-09-21,0.8925
2015-09-22,0.8982
2015-09-23,0.8961
2015-09-24,0.8887
2015-09-25,0.8935
2015-09-28,0.89
2015-09-29,0.8892
2015-09-30,0.8959
2015-10-01,0.8929
2015-10-02,0.8868
2015-10-05,0.8929
2015-10-06,0.8876
2015-10-07,0.889
2015-10-08,0.8864
2015-10-09,0.88
2015-10-12,
2015-10-13,0.8786
2015-10-14,0.8744
2015-10-15,0.8758
2015-10-16,0.8803
2015-10-19,0.8834
2015-10-20,0.8804
2015-10-21,0.8814
2015-10-22,0.8977
2015-10-23,0.9078
2015-10-26,0.9049
2015-10-27,0.9048
2015-10-28,0.9037
2015-10-29,0.9122
2015-10-30,0.9056
2015-11-02,0.9069
2015-11-03,0.9136
2015-11-04,0.9207
2015-11-05,0.92
2015-11-06,0.9306
2015-11-09,0.9288
2015-11-10,0.9358
2015-11-11,
2015-11-12,0.9287
2015-11-13,0.9327
2015-11-16,0.9339
2015-11-17,0.9404
2015-11-18,0.94
2015-11-19,0.9306
2015-11-20,0.9381
2015-11-23,0.9432
2015-11-24,0.9388
2015-11-25,0.942
2015-11-26,
2015-11-27,0.9438
2015-11-30,0.9468
2015-12-01,0.9416
2015-12-02,0.9458
2015-12-03,0.9173
2015-12-04,0.9188
2015-12-07,0.9225
2015-12-08,0.9195
2015-12-09,0.9104
2015-12-10,0.9134
2015-12-11,0.9089
2015-12-14,0.907
2015-12-15,0.9165
2015-12-16,0.9143
2015-12-17,0.9256
2015-12-18,0.9219
2015-12-21,0.9158
2015-12-22,0.9109
2015-12-23,0.9195
2015-12-24,0.9128
2015-12-25,
2015-12-28,0.9105
2015-12-29,0.9161
2015-12-30,0.9164
2015-12-31,0.9209
2016-01-01,
2016-01-04,0.9257
2016-01-05,0.9308
2016-01-06,0.9292
2016-01-07,0.9208
2016-01-08,0.9187
2016-01-11,0.9193
2016-01-12,0.9228
2016-01-13,0.9206
2016-01-14,0.9206
2016-01-15,0.9121
2016-01-18,
2016-01-19,0.9169
2016-01-20,0.9168
2016-01-21,0.9231
2016-01-22,0.9247
2016-01-25,0.9232
2016-01-26,0.922
2016-01-27,0.9202
2016-01-28,0.9131
2016-01-29,0.9232
2016-02-01,0.9184
2016-02-02,0.9168
2016-02-03,0.9049
2016-02-04,0.8929
2016-02-05,0.8984
2016-02-08,0.8953
2016-02-09,0.885
2016-02-10,0.8911
2016-02-11,0.8801
2016-02-12,0.8901
2016-02-15,
2016-02-16,0.8977
2016-02-17,0.8977
2016-02-18,0.9016
2016-02-19,0.8987
2016-02-22,0.9076
2016-02-23,0.9078
2016-02-24,0.9074
2016-02-25,0.9069
2016-02-26,0.9147
2016-02-29,0.9201
2016-03-01,0.9219
2016-03-02,0.9221
2016-03-03,0.9134
2016-03-04,0.9083
2016-03-07,0.9088
2016-03-08,0.9068
2016-03-09,0.9073
2016-03-10,0.8959
2016-03-11,0.8945
2016-03-14,0.9003
2016-03-15,0.8999
2016-03-16,0.9029
2016-03-17,0.8837
2016-03-18,0.8856
2016-03-21,0.8881
2016-03-22,0.8906
2016-03-23,0.8949
2016-03-24,0.8958
2016-03-25,0.8957
2016-03-28,0.8921
2016-03-29,0.8925
2016-03-30,0.8826
2016-03-31,0.878
2016-04-01,0.8783
2016-04-04,0.8783
2016-04-05,0.8792
2016-04-06,0.8749
2016-04-07,0.8783
2016-04-08,0.8767
2016-04-11,0.8763
2016-04-12,0.8776
2016-04-13,0.8864
2016-04-14,0.8879
2016-04-15,0.8853
2016-04-18,0.8832
2016-04-19,0.8791
2016-04-20,0.8826
2016-04-21,0.8849
2016-04-22,0.8898
2016-04-25,0.887
2016-04-26,0.8835
2016-04-27,0.8832
2016-04-28,0.883
2016-04-29,0.874
2016-05-02,0.8684
2016-05-03,0.869
2016-05-04,0.8706
2016-05-05,0.8769
2016-05-06,0.8756
2016-05-09,0.877
2016-05-10,0.8783
2016-05-11,0.8738
2016-05-12,0.8787
2016-05-13,0.8854
2016-05-16,0.8828
2016-05-17,0.8821
2016-05-18,0.8868
2016-05-19,0.8917
2016-05-20,0.8923
2016-05-23,0.8935
2016-05-24,0.8973
2016-05-25,0.8965
2016-05-26,0.8941
2016-05-27,0.8977
2016-05-30,
2016-05-31,0.8981
2016-06-01,0.8957
2016-06-02,0.8963
2016-06-03,0.8826
2016-06-06,0.8807
2016-06-07,0.8811
2016-06-08,0.8772
2016-06-09,0.8827
2016-06-10,0.8864
2016-06-13,0.8864
2016-06-14,0.8924
2016-06-15,0.8898
2016-06-16,0.8962
2016-06-17,0.8884
2016-06-20,0.8835
2016-06-21,0.8879
2016-06-22,0.8861
2016-06-23,0.8793
2016-06-24,0.8988
2016-06-27,0.9071
2016-06-28,0.9046
2016-06-29,0.8995
2016-06-30,0.9065
2016-07-01,0.8973
2016-07-04,
2016-07-05,0.9025
2016-07-06,0.9028
2016-07-07,0.9038
2016-07-08,0.906
2016-07-11,0.9054
2016-07-12,0.903
2016-07-13,0.8999
2016-07-14,0.9002
2016-07-15,0.9042
2016-07-18,0.9029
2016-07-19,0.9079
2016-07-20,0.9085
2016-07-21,0.9078
2016-07-22,0.9117
2016-07-25,0.9107
2016-07-26,0.9104
2016-07-27,0.9101
2016-07-28,0.9014
2016-07-29,0.8954
2016-08-01,0.8948
2016-08-02,0.8909
2016-08-03,0.8953
2016-08-04,0.8981
2016-08-05,0.9025
2016-08-08,0.9027
2016-08-09,0.9001
2016-08-10,0.8952
2016-08-11,0.8954
2016-08-12,0.8951
2016-08-15,0.8929
2016-08-16,0.8868
2016-08-17,0.8879
2016-08-18,0.8823
2016-08-19,0.8829
2016-08-22,0.8839
2016-08-23,0.8843
2016-08-24,0.8884
2016-08-25,0.887
2016-08-26,0.8899
2016-08-29,0.8943
2016-08-30,0.8969
2016-08-31,0.8972
2016-09-01,0.8933
2016-09-02,0.8962
2016-09-05,
2016-09-06,0.8899
2016-09-07,0.8898
2016-09-08,0.8884
2016-09-09,0.8917
2016-09-12,0.8905
2016-09-13,0.8895
2016-09-14,0.8872
2016-09-15,0.8892
2016-09-16,0.8961
2016-09-19,0.8945
2016-09-20,0.8951
2016-09-21,0.8957
2016-09-22,0.8906
2016-09-23,0.891
2016-09-26,0.8873
2016-09-27,0.8922
2016-09-28,0.8929
2016-09-29,0.8894
2016-09-30,0.8898
2016-10-03,0.8921
2016-10-04,0.8919
2016-10-05,0.8932
2016-10-06,0.8962
2016-10-07,0.8964
2016-10-10,
2016-10-11,0.904
2016-10-12,0.9079
2016-10-13,0.906
2016-10-14,0.9103
2016-10-17,0.9091
2016-10-18,0.9093
2016-10-19,0.9119
2016-10-20,0.9146
2016-10-21,0.9203
2016-10-24,0.9184
2016-10-25,0.9183
2016-10-26,0.9161
2016-10-27,0.9171
2016-10-28,0.9146
2016-10-31,0.9122
2016-11-01,0.9056
2016-11-02,0.8994
2016-11-03,0.9014
2016-11-04,0.8992
2016-11-07,0.906
2016-11-08,0.9063
2016-11-09,0.9131
2016-11-10,0.9189
2016-11-11,
2016-11-14,0.9326
2016-11-15,0.9323
2016-11-16,0.9347
2016-11-17,0.9384
2016-11-18,0.9434
2016-11-21,0.9437
2016-11-22,0.9418
2016-11-23,0.947
2016-11-24,
2016-11-25,0.9438
2016-11-28,0.9455
2016-11-29,0.9411
2016-11-30,0.9454
2016-12-01,0.9404
2016-12-02,0.9376
2016-12-05,0.9326
2016-12-06,0.9331
2016-12-07,0.9295
2016-12-08,0.9412
2016-12-09,0.9487
2016-12-12,0.9429
2016-12-13,0.9403
2016-12-14,0.9384
2016-12-15,0.9639
2016-12-16,0.9564
2016-12-19,0.9575
2016-12-20,0.9625
2016-12-21,0.9592
2016-12-22,0.9568
2016-12-23,0.957
2016-12-26,
2016-12-27,0.9562
2016-12-28,0.9626
2016-12-29,0.9537
2016-12-30,0.9477
2017-01-02,
2017-01-03,0.9601
2017-01-04,0.9546
2017-01-05,0.9436
2017-01-06,0.947
2017-01-09,0.9455
2017-01-10,0.9459
2017-01-11,0.9523
2017-01-12,0.9376
2017-01-13,0.9412
2017-01-16,
2017-01-17,0.935
2017-01-18,0.9362
2017-01-19,0.9407
2017-01-20,
2017-01-23,0.9311
2017-01-24,0.9303
2017-01-25,0.9308
2017-01-26,0.9372
2017-01-27,0.9355
2017-01-30,0.9362
2017-01-31,0.9264
2017-02-01,0.9295
2017-02-02,0.9258
2017-02-03,0.9266
2017-02-06,0.9319
2017-02-07,0.9355
2017-02-08,0.9339
2017-02-09,0.9383
2017-02-10,0.939
2017-02-13,0.9431
2017-02-14,0.9454
2017-02-15,0.9437
2017-02-16,0.9381
2017-02-17,0.9422
2017-02-20,
2017-02-21,0.9478
2017-02-22,0.9474
2017-02-23,0.9446
2017-02-24,0.9452
2017-02-27,0.9413
2017-02-28,0.9418
2017-03-01,0.9466
2017-03-02,0.9511
2017-03-03,0.9477
2017-03-06,0.9446
2017-03-07,0.945
2017-03-08,0.9481
2017-03-09,0.9446
2017-03-10,0.9375
2017-03-13,0.9372
2017-03-14,0.9394
2017-03-15,0.9407
2017-03-16,0.9313
2017-03-17,0.9309
2017-03-20,0.9299
2017-03-21,0.9251
2017-03-22,0.9259
2017-03-23,0.927
2017-03-24,0.9254
2017-03-27,0.9189
2017-03-28,0.9215
2017-03-29,0.9297
2017-03-30,0.9323
2017-03-31,0.9348
2017-04-03,0.9385
2017-04-04,0.9377
2017-04-05,0.938
2017-04-06,0.9389
2017-04-07,0.942
2017-04-10,0.9429
2017-04-11,0.9422
2017-04-12,0.9424
2017-04-13,0.9407
2017-04-14,0.9412
2017-04-17,0.9381
2017-04-18,0.9341
2017-04-19,0.934
2017-04-20,0.9295
2017-04-21,0.9351
2017-04-24,0.922
2017-04-25,0.914
2017-04-26,0.9198
2017-04-27,0.9205
2017-04-28,0.9179
2017-05-01,0.9164
2017-05-02,0.9166
2017-05-03,0.9158
2017-05-04,0.9118
2017-05-05,0.9094
2017-05-08,0.9151
2017-05-09,0.9195
2017-05-10,0.9197
2017-05-11,0.92
2017-05-12,0.9152
2017-05-15,0.9108
2017-05-16,0.9032
2017-05-17,0.8981
2017-05-18,0.8985
2017-05-19,0.8937
2017-05-22,0.89
2017-05-23,0.893
2017-05-24,0.8949
2017-05-25,0.8914
2017-05-26,0.8953
2017-05-29,
2017-05-30,0.8942
2017-05-31,0.89
2017-06-01,0.8917
2017-06-02,0.8873
2017-06-05,0.8889
2017-06-06,0.8876
2017-06-07,0.89
2017-06-08,0.8915
2017-06-09,0.8937
2017-06-12,0.8925
2017-06-13,0.8933
2017-06-14,0.8868
2017-06-15,0.8967
2017-06-16,0.8933
2017-06-19,0.8961
2017-06-20,0.899
2017-06-21,0.8974
2017-06-22,0.897
2017-06-23,0.8932
2017-06-26,0.8932
2017-06-27,0.885
2017-06-28,0.88
2017-06-29,0.8757
2017-06-30,0.8763
2017-07-03,0.8797
2017-07-04,
2017-07-05,0.8821
2017-07-06,0.8765
2017-07-07,0.8775
2017-07-10,0.8775
2017-07-11,0.8749
2017-07-12,0.8763
2017-07-13,0.8783
2017-07-14,0.8732
2017-07-17,0.8718
2017-07-18,0.8637
2017-07-19,0.8682
2017-07-20,0.8595
2017-07-21,0.858
2017-07-24,0.859
2017-07-25,0.8579
2017-07-26,0.8597
2017-07-27,0.8579
2017-07-28,0.8508
2017-07-31,0.8456
2017-08-01,0.8475
2017-08-02,0.8431
2017-08-03,0.8418
2017-08-04,0.8508
2017-08-07,0.8483
2017-08-08,0.853
2017-08-09,0.8512
2017-08-10,0.851
2017-08-11,0.8467
2017-08-14,0.8485
2017-08-15,0.8521
2017-08-16,0.8545
2017-08-17,0.8521
2017-08-18,0.8512
2017-08-21,0.8465
2017-08-22,0.8502
2017-08-23,0.8473
2017-08-24,0.8474
2017-08-25,0.8422
2017-08-28,0.8352
2017-08-29,0.8316
2017-08-30,0.8384
2017-08-31,0.8408
2017-09-01,0.8419
2017-09-04,
2017-09-05,0.8396
2017-09-06,0.8373
2017-09-07,0.8314
2017-09-08,0.8305
2017-09-11,0.8358
2017-09-12,0.8356
2017-09-13,0.8405
2017-09-14,0.8413
2017-09-15,0.8362
2017-09-18,0.8377
2017-09-19,0.8347
2017-09-20,0.8335
2017-09-21,0.8371
2017-09-22,0.8355
2017-09-25,0.8437
2017-09-26,0.8495
2017-09-27,0.8513
2017-09-28,0.8492
2017-09-29,0.8465
2017-10-02,0.8514
2017-10-03,0.8504
2017-10-04,0.8503
2017-10-05,0.8543
2017-10-06,0.8524
2017-10-09,
2017-10-10,0.8472
2017-10-11,0.8441
2017-10-12,0.8446
2017-10-13,0.8448
2017-10-16,0.8467
2017-10-17,0.8508
2017-10-18,0.8493
2017-10-19,0.8445
2017-10-20,0.8496
2017-10-23,0.8502
2017-10-24,0.8499
2017-10-25,0.8473
2017-10-26,0.8547
2017-10-27,0.8636
2017-10-30,0.8601
2017-10-31,0.8585
2017-11-01,0.8607
2017-11-02,0.8568
2017-11-03,0.8609
2017-11-06,0.8621
2017-11-07,0.8638
2017-11-08,0.8627
2017-11-09,0.8585
2017-11-10,
2017-11-13,0.8579
2017-11-14,0.8501
2017-11-15,0.8479
2017-11-16,0.8495
2017-11-17,0.8475
2017-11-20,0.8517
2017-11-21,0.8517
2017-11-22,0.8482
2017-11-23,
2017-11-24,0.8378
2017-11-27,0.8396
2017-11-28,0.8419
2017-11-29,0.8433
2017-11-30,0.8405
2017-12-01,0.8396
2017-12-04,0.844
2017-12-05,0.846
2017-12-06,0.8483
2017-12-07,0.8482
2017-12-08,0.8503
2017-12-11,0.8473
2017-12-12,0.8529
2017-12-13,0.8502
2017-12-14,0.849
2017-12-15,0.849
2017-12-18,0.8472
2017-12-19,0.8459
2017-12-20,0.8417
2017-12-21,0.8423
2017-12-22,0.8447
2017-12-25,
2017-12-26,0.8427
2017-12-27,0.8402
2017-12-28,0.8367
2017-12-29,0.8318
2018-01-01,
2018-01-02,0.8299
2018-01-03,0.8313
2018-01-04,0.8289
2018-01-05,0.8306
2018-01-08,0.8352
2018-01-09,0.8388
2018-01-10,0.8363
2018-01-11,0.8309
2018-01-12,0.8244
2018-01-15,
2018-01-16,0.8167
2018-01-17,0.8177
2018-01-18,0.8171
2018-01-19,0.8171
2018-01-22,0.8177
2018-01-23,0.8145
2018-01-24,0.8071
2018-01-25,0.8008
2018-01-26,0.805
2018-01-29,0.8096
2018-01-30,0.8071
2018-01-31,0.8046
2018-02-01,0.8012
2018-02-02,0.8035
2018-02-05,0.8053
2018-02-06,0.8077
2018-02-07,0.8143
2018-02-08,0.8171
2018-02-09,0.8179
2018-02-12,0.8152
2018-02-13,0.8089
2018-02-14,0.8067
2018-02-15,0.8012
2018-02-16,0.8037
2018-02-19,
2018-02-20,0.8098
2018-02-21,0.8121
2018-02-22,0.8113
2018-02-23,0.8131
2018-02-26,0.8133
2018-02-27,0.8171
2018-02-28,0.8189
2018-03-01,0.8186
2018-03-02,0.8121
2018-03-05,0.811
2018-03-06,0.8055
2018-03-07,0.8066
2018-03-08,0.8121
2018-03-09,0.8113
2018-03-12,0.8118
2018-03-13,0.8066
2018-03-14,0.8089
2018-03-15,0.8116
2018-03-16,0.8143
2018-03-19,0.8111
2018-03-20,0.8149
2018-03-21,0.8151
2018-03-22,0.8123
2018-03-23,0.8091
2018-03-26,0.8039
2018-03-27,0.8058
2018-03-28,0.8097
2018-03-29,0.8132
2018-03-30,0.8117
2018-04-02,0.8138
2018-04-03,0.8156
2018-04-04,0.8135
2018-04-05,0.8177
2018-04-06,0.8147
2018-04-09,0.8117
2018-04-10,0.8105
2018-04-11,0.8075
2018-04-12,0.8117
2018-04-13,0.8116
2018-04-16,0.8082
2018-04-17,0.81
2018-04-18,0.8078
2018-04-19,0.8106
2018-04-20,0.8142
2018-04-23,0.8186
2018-04-24,0.8179
2018-04-25,0.8212
2018-04-26,0.8256
2018-04-27,0.8259
2018-04-30,0.8282
2018-05-01,0.8333
2018-05-02,0.8356
2018-05-03,0.8354
2018-05-04,0.8371
2018-05-07,0.8384
2018-05-08,0.843
2018-05-09,0.8437
2018-05-10,0.8406
2018-05-11,0.8368
2018-05-14,0.835
2018-05-15,0.8429
2018-05-16,0.8483
2018-05-17,0.8476
2018-05-18,0.8493
2018-05-21,0.8498
2018-05-22,0.8487
2018-05-23,0.8552
2018-05-24,0.8526
2018-05-25,0.8572
2018-05-28,
2018-05-29,0.8657
2018-05-30,0.8573
2018-05-31,0.8569
2018-06-01,0.8562
2018-06-04,0.855
2018-06-05,0.8568
2018-06-06,0.849
2018-06-07,0.8464
2018-06-08,0.8494
2018-06-11,0.8473
2018-06-12,0.848
2018-06-13,0.8486
2018-06-14,0.8595
2018-06-15,0.8609
2018-06-18,0.8616
2018-06-19,0.8638
2018-06-20,0.8627
2018-06-21,0.8621
2018-06-22,0.8598
2018-06-25,0.8551
2018-06-26,0.8565
2018-06-27,0.863
2018-06-28,0.8634
2018-06-29,0.8564
2018-07-02,0.8618
2018-07-03,0.8581
2018-07-04,
2018-07-05,0.8549
2018-07-06,0.8519
2018-07-09,0.8515
2018-07-10,0.8527
2018-07-11,0.8531
2018-07-12,0.8553
2018-07-13,0.8571
2018-07-16,0.854
2018-07-17,0.8573
2018-07-18,0.8587
2018-07-19,0.8618
2018-07-20,0.8541
2018-07-23,0.8546
2018-07-24,0.8559
2018-07-25,0.8564
2018-07-26,0.8581
2018-07-27,0.8576
2018-07-30,0.8534
2018-07-31,0.8543
2018-08-01,0.8572
2018-08-02,0.8612
2018-08-03,0.8623
2018-08-06,0.8648
2018-08-07,0.8623
2018-08-08,0.8622
2018-08-09,0.8646
2018-08-10,0.8773
2018-08-13,0.8775
2018-08-14,0.881
2018-08-15,0.8825
2018-08-16,0.8781
2018-08-17,0.8764
2018-08-20,0.8743
2018-08-21,0.867
2018-08-22,0.8624
2018-08-23,0.8645
2018-08-24,0.8602
2018-08-27,0.8565
2018-08-28,0.8532
2018-08-29,0.8548
2018-08-30,0.8587
2018-08-31,0.8624
2018-09-03,
2018-09-04,0.8646
2018-09-05,0.8606
2018-09-06,0.8603
2018-09-07,0.8642
2018-09-10,0.8618
2018-09-11,0.8627
2018-09-12,0.8601
2018-09-13,0.8568
2018-09-14,0.8579
2018-09-17,0.8557
2018-09-18,0.8552
2018-09-19,0.8558
2018-09-20,0.8515
2018-09-21,0.8519
2018-09-24,0.8494
2018-09-25,0.8496
2018-09-26,0.8505
2018-09-27,0.8569
2018-09-28,0.8604
2018-10-01,0.8645
2018-10-02,0.8651
2018-10-03,0.8677
2018-10-04,0.869
2018-10-05,0.8694
2018-10-08,
2018-10-09,0.8709
2018-10-10,0.8665
2018-10-11,0.8647
2018-10-12,0.8651
2018-10-15,0.8625
2018-10-16,0.8626
2018-10-17,0.8666
2018-10-18,0.87
2018-10-19,0.8686
2018-10-22,0.8721
2018-10-23,0.8711
2018-10-24,0.878
2018-10-25,0.8792
2018-10-26,0.8781
2018-10-29,0.878
2018-10-30,0.88
2018-10-31,0.8825
2018-11-01,0.8775
2018-11-02,0.8789
2018-11-05,0.8777
2018-11-06,0.8763
2018-11-07,0.8727
2018-11-08,0.876
2018-11-09,0.883
2018-11-12,
2018-11-13,0.8859
2018-11-14,0.884
2018-11-15,0.8831
2018-11-16,0.877
2018-11-19,0.8735
2018-11-20,0.8779
2018-11-21,0.8777
2018-11-22,
2018-11-23,0.8825
2018-11-26,0.8821
2018-11-27,0.8864
2018-11-28,0.8861
2018-11-29,0.8786
2018-11-30,0.8832
2018-12-03,0.8806
2018-12-04,0.8814
2018-12-05,
2018-12-06,0.8792
2018-12-07,0.878
2018-12-10,0.8797
2018-12-11,0.8839
2018-12-12,0.8801
2018-12-13,0.8804
2018-12-14,0.885
2018-12-17,0.8819
2018-12-18,0.88
2018-12-19,0.8755
2018-12-20,0.8747
2018-12-21,0.877
2018-12-24,
2018-12-25,
2018-12-26,0.8766
2018-12-27,0.8763
2018-12-28,0.8737
2018-12-31,0.8729
2019-01-01,
2019-01-02,0.8805
2019-01-03,0.8773
2019-01-04,0.8764
2019-01-07,0.872
2019-01-08,0.8738
2019-01-09,0.8678
2019-01-10,0.8683
2019-01-11,0.8712
2019-01-14,
2019-01-15,0.8778
2019-01-16,0.8766
2019-01-17,0.8783
2019-01-18,0.8801
2019-01-21,
2019-01-22,0.8804
2019-01-23,0.878
2019-01-24,0.8832
2019-01-25,0.8767
2019-01-28,0.8743
2019-01-29,0.8754
2019-01-30,0.8758
2019-01-31,0.8731
2019-02-01,0.8715
2019-02-04,0.8743
2019-02-05,0.8767
2019-02-06,0.8787
2019-02-07,0.8805
2019-02-08,0.8829
2019-02-11,0.8868
2019-02-12,0.8837
2019-02-13,0.8859
2019-02-14,0.8862
2019-02-15,0.8875
2019-02-18,
2019-02-19,0.8828
2019-02-20,
2019-02-21,0.882
2019-02-22,0.8817
2019-02-25,0.8814
2019-02-26,0.8792
2019-02-27,0.8795
2019-02-28,0.8788
2019-03-01,0.879
2019-03-04,0.8828
2019-03-05,0.885
2019-03-06,0.8834
2019-03-07,0.8917
2019-03-08,0.8894
2019-03-11,0.8908
2019-03-12,0.8868
2019-03-13,0.8842
2019-03-14,0.8846
2019-03-15,0.8829
2019-03-18,0.8821
2019-03-19,0.8814
2019-03-20,0.8809
2019-03-21,0.8802
2019-03-22,0.8864
2019-03-25,0.8831
2019-03-26,0.8865
2019-03-27,0.8889
2019-03-28,0.89
2019-03-29,0.8906
2019-04-01,0.8921
2019-04-02,0.894
2019-04-03,0.8895
2019-04-04,0.8916
2019-04-05,0.8915
2019-04-08,0.8879
2019-04-09,0.8867
2019-04-10,0.8876
2019-04-11,0.8879
2019-04-12,0.8846
2019-04-15,0.8846
2019-04-16,0.8855
2019-04-17,0.8852
2019-04-18,0.8896
2019-04-19,0.8892
2019-04-22,0.8883
2019-04-23,0.8918
2019-04-24,0.8935
2019-04-25,0.8977
2019-04-26,0.8965
2019-04-29,0.8956
2019-04-30,0.8928
2019-05-01,0.8892
2019-05-02,0.8941
2019-05-03,0.894
2019-05-06,0.8931
2019-05-07,0.8946
2019-05-08,0.8924
2019-05-09,0.8906
2019-05-10,0.8896
2019-05-13,0.8903
2019-05-14,0.8923
2019-05-15,0.8922
2019-05-16,0.8946
2019-05-17,0.8956
2019-05-20,0.8953
2019-05-21,0.8962
2019-05-22,0.8964
2019-05-23,0.8951
2019-05-24,0.8931
2019-05-27,
2019-05-28,0.8947
2019-05-29,0.898
2019-05-30,0.8977
2019-05-31,0.8969
2019-06-03,0.8924
2019-06-04,0.89
2019-06-05,0.8895
2019-06-06,0.8854
2019-06-07,0.8831
2019-06-10,0.8841
2019-06-11,0.8837
2019-06-12,0.8842
2019-06-13,0.8869
2019-06-14,0.8915
2019-06-17,0.8901
2019-06-18,0.8932
2019-06-19,0.8917
2019-06-20,0.8862
2019-06-21,0.8828
2019-06-24,0.8777
2019-06-25,0.8783
2019-06-26,0.878
2019-06-27,0.8794
2019-06-28,0.8792
2019-07-01,0.8844
2019-07-02,0.8849
2019-07-03,0.8869
2019-07-04,
2019-07-05,0.8916
2019-07-08,0.8922
2019-07-09,0.8921
2019-07-10,0.8881
2019-07-11,0.888
2019-07-12,0.8886
2019-07-15,0.8881
2019-07-16,0.8919
2019-07-17,0.8903
2019-07-18,0.8906
2019-07-19,0.8913
2019-07-22,0.8917
2019-07-23,0.8964
2019-07-24,0.8976
2019-07-25,0.8964
2019-07-26,0.8992
2019-07-29,0.8975
2019-07-30,0.897
2019-07-31,0.8985
2019-08-01,0.904
2019-08-02,0.8999
2019-08-05,0.8931
2019-08-06,0.8932
2019-08-07,0.89
2019-08-08,0.8921
2019-08-09,0.8911
2019-08-12,0.8919
2019-08-13,0.8943
2019-08-14,0.8973
2019-08-15,0.9004
2019-08-16,0.9016
2019-08-19,0.9012
2019-08-20,0.9016
2019-08-21,0.9011
2019-08-22,0.9018
2019-08-23,0.897
2019-08-26,0.8999
2019-08-27,0.9014
2019-08-28,0.9022
2019-08-29,0.9042
2019-08-30,0.91
2019-09-02,
2019-09-03,0.9117
2019-09-04,0.907
2019-09-05,0.906
2019-09-06,0.9056
2019-09-09,0.9045
2019-09-10,0.9056
2019-09-11,0.909
2019-09-12,0.903
2019-09-13,0.903
2019-09-16,0.9086
2019-09-17,0.9039
2019-09-18,0.9041
2019-09-19,0.9053
2019-09-20,0.9088
2019-09-23,0.9098
2019-09-24,0.9092
2019-09-25,0.9133
2019-09-26,0.9142
2019-09-27,0.9139
2019-09-30,0.917
2019-10-01,0.9147
2019-10-02,0.9132
2019-10-03,0.9098
2019-10-04,0.9112
2019-10-07,0.9104
2019-10-08,0.9133
2019-10-09,0.9109
2019-10-10,0.9076
2019-10-11,0.9059
2019-10-14,
2019-10-15,0.9061
2019-10-16,0.9029
2019-10-17,0.8986
2019-10-18,0.8965
2019-10-21,0.8973
2019-10-22,0.8978
2019-10-23,0.8994
2019-10-24,0.9011
2019-10-25,0.9024
2019-10-28,0.9014
2019-10-29,0.8995
2019-10-30,0.899
2019-10-31,0.8965
2019-11-01,0.8953
2019-11-04,0.8973
2019-11-05,0.9033
2019-11-06,0.9029
2019-11-07,0.9054
2019-11-08,0.9075
2019-11-11,
2019-11-12,0.9077
2019-11-13,0.9088
2019-11-14,0.9078
2019-11-15,0.9053
2019-11-18,0.9026
2019-11-19,0.9029
2019-11-20,0.9039
2019-11-21,0.9036
2019-11-22,0.9067
2019-11-25,0.9083
2019-11-26,0.9081
2019-11-27,0.9089
2019-11-28,
2019-11-29,0.9075
2019-12-02,0.9029
2019-12-03,0.9018
2019-12-04,0.9029
2019-12-05,0.9006
2019-12-06,0.9048
2019-12-09,0.9036
2019-12-10,0.9017
2019-12-11,0.9016
2019-12-12,0.8997
2019-12-13,0.8986
2019-12-16,0.8977
2019-12-17,0.897
2019-12-18,0.8998
2019-12-19,0.8986
2019-12-20,0.9029
2019-12-23,0.9016
2019-12-24,0.9022
2019-12-25,
2019-12-26,0.9007
2019-12-27,0.8949
2019-12-30,0.8915
2019-12-31,0.8907
2020-01-01,
2020-01-02,0.8956
2020-01-03,0.895
2020-01-06,0.8939
2020-01-07,0.8978
2020-01-08,0.8995
2020-01-09,0.9004
2020-01-10,0.8994
2020-01-13,0.8978
2020-01-14,0.8985
2020-01-15,0.8961
2020-01-16,0.8984
2020-01-17,0.9015
2020-01-20,
2020-01-21,0.9012
2020-01-22,0.9021
2020-01-23,0.9057
2020-01-24,0.9069
2020-01-27,0.9075
2020-01-28,0.9084
2020-01-29,0.9088
2020-01-30,0.9065
2020-01-31,0.9024
2020-02-03,0.904
2020-02-04,0.9056
2020-02-05,0.9086
2020-02-06,0.9108
2020-02-07,0.9132
2020-02-10,0.9161
2020-02-11,0.916
2020-02-12,0.918
2020-02-13,0.9218
2020-02-14,0.9226
2020-02-17,
2020-02-18,0.9246
2020-02-19,0.9264
2020-02-20,0.9262
2020-02-21,0.9212
2020-02-24,0.9211
2020-02-25,0.9201
2020-02-26,0.9185
2020-02-27,0.911
2020-02-28,0.909
2020-03-02,0.8957
2020-03-03,0.8949
2020-03-04,0.8985
2020-03-05,0.8927
2020-03-06,0.8835
2020-03-09,0.8757
2020-03-10,0.8817
2020-03-11,0.8865
2020-03-12,0.9024
2020-03-13,0.9037
2020-03-16,0.8977
2020-03-17,0.9115
2020-03-18,0.9231
2020-03-19,0.9347
2020-03-20,0.9362
2020-03-23,0.9294
2020-03-24,0.9264
2020-03-25,0.9229
2020-03-26,0.907
2020-03-27,0.9042
2020-03-30,0.9076
2020-03-31,0.9078
2020-04-01,0.9146
2020-04-02,0.9206
2020-04-03,0.9262
2020-04-06,0.9252
2020-04-07,0.9186
2020-04-08,0.9205
2020-04-09,0.9148
2020-04-10,0.9132
2020-04-13,0.9169
2020-04-14,0.9115
2020-04-15,0.9167
2020-04-16,0.9225
2020-04-17,0.9189
2020-04-20,0.9196
2020-04-21,0.9213
2020-04-22,0.9234
2020-04-23,0.9246
2020-04-24,0.9261
2020-04-27,0.9234
2020-04-28,0.9228
2020-04-29,0.9214
2020-04-30,0.9146
2020-05-01,0.9093
2020-05-04,0.9165
2020-05-05,0.9222
2020-05-06,0.9254
2020-05-07,0.9246
2020-05-08,0.9213
2020-05-11,0.9244
2020-05-12,0.9205
2020-05-13,0.9228
2020-05-14,0.9259
2020-05-15,0.9246
2020-05-18,0.9171
2020-05-19,0.9143
2020-05-20,0.9107
2020-05-21,0.913
2020-05-22,0.9179
2020-05-25,
2020-05-26,0.9116
2020-05-27,0.9117
2020-05-28,0.9034
2020-05-29,0.9003
2020-06-01,0.899
2020-06-02,0.8956
2020-06-03,0.8892
2020-06-04,0.8832
2020-06-05,0.8852
2020-06-08,0.8855
2020-06-09,0.8812
2020-06-10,0.8807
2020-06-11,0.8789
2020-06-12,0.8887
2020-06-15,0.8873
2020-06-16,0.8882
2020-06-17,0.8913
2020-06-18,0.8916
2020-06-19,0.8937
2020-06-22,0.8881
2020-06-23,0.8832
2020-06-24,0.8872
2020-06-25,0.8912
2020-06-26,0.8917
2020-06-29,0.8899
2020-06-30,0.8899
2020-07-01,0.8882
2020-07-02,0.8899
2020-07-03,
2020-07-06,0.8844
2020-07-07,0.885
2020-07-08,0.8827
2020-07-09,0.8851
2020-07-10,0.8835
2020-07-13,0.88
2020-07-14,0.8767
2020-07-15,0.8767
2020-07-16,0.8747
2020-07-17,0.8743
2020-07-20,0.874
2020-07-21,0.8699
2020-07-22,0.863
2020-07-23,0.8604
2020-07-24,0.8595
2020-07-27,0.8511
2020-07-28,0.8523
2020-07-29,0.8496
2020-07-30,0.8481
2020-07-31,0.8459
2020-08-03,0.8511
2020-08-04,0.8499
2020-08-05,0.8405
2020-08-06,0.8435
2020-08-07,0.8492
2020-08-10,0.8506
2020-08-11,0.8501
2020-08-12,0.8477
2020-08-13,0.8462
2020-08-14,0.8451
2020-08-17,0.8425
2020-08-18,0.8384
2020-08-19,0.8405
2020-08-20,0.843
2020-08-21,0.8493
2020-08-24,0.8472
2020-08-25,0.8462
2020-08-26,0.8465
2020-08-27,0.8457
2020-08-28,0.8403
2020-08-31,0.8368
2020-09-01,0.8369
2020-09-02,0.8446
2020-09-03,0.8452
2020-09-04,0.846
2020-09-07,
2020-09-08,0.8482
2020-09-09,0.8467
2020-09-10,0.8418
2020-09-11,0.8452
2020-09-14,0.8422
2020-09-15,0.8442
2020-09-16,0.845
2020-09-17,0.8458
2020-09-18,0.8434
2020-09-21,0.852
2020-09-22,0.8545
2020-09-23,0.8564
2020-09-24,0.8572
2020-09-25,0.8607
2020-09-28,0.8576
2020-09-29,0.8535
2020-09-30,0.853
2020-10-01,0.8509
2020-10-02,0.8543
2020-10-05,0.8486
2020-10-06,0.849
2020-10-07,0.8499
2020-10-08,0.8508
2020-10-09,0.8461
2020-10-12,
2020-10-13,0.852
2020-10-14,0.8507
2020-10-15,0.8546
2020-10-16,0.8535
2020-10-19,0.8483
2020-10-20,0.8457
2020-10-21,0.8425
2020-10-22,0.8457
2020-10-23,0.8443
2020-10-26,0.8463
2020-10-27,0.845
2020-10-28,0.851
2020-10-29,0.8578
2020-10-30,0.8586
2020-11-02,0.8595
2020-11-03,0.853
2020-11-04,0.8525
2020-11-05,0.8468
2020-11-06,0.8413
2020-11-09,0.8467
2020-11-10,0.8467
2020-11-11,
2020-11-12,0.8465
2020-11-13,0.8457
2020-11-16,0.8443
2020-11-17,0.843
2020-11-18,0.8425
2020-11-19,0.8444
2020-11-20,0.8434
2020-11-23,0.8456
2020-11-24,0.8422
2020-11-25,0.8398
2020-11-26,
2020-11-27,
2020-11-30,0.837
2020-12-01,0.8306
2020-12-02,0.8269
2020-12-03,0.8229
2020-12-04,0.8236
2020-12-07,0.8239
2020-12-08,0.8257
2020-12-09,0.8278
2020-12-10,0.8252
2020-12-11,0.8256
2020-12-14,0.8234
2020-12-15,0.8225
2020-12-16,0.8214
2020-12-17,0.8158
2020-12-18,0.8173
2020-12-21,0.8177
2020-12-22,0.8216
2020-12-23,0.8201
2020-12-24,
2020-12-25,
2020-12-28,0.8188
2020-12-29,0.8162
2020-12-30,0.8143
2020-12-31,0.8177
2021-01-01,
2021-01-04,0.8161
2021-01-05,0.8133
2021-01-06,0.8137
2021-01-07,0.8153
2021-01-08,0.8162
2021-01-11,0.8218
2021-01-12,0.8218
2021-01-13,0.8224
2021-01-14,0.8226
2021-01-15,0.8265
2021-01-18,
2021-01-19,0.8247
2021-01-20,
2021-01-21,0.8235
2021-01-22,0.8211
2021-01-25,0.8239
2021-01-26,0.8232
2021-01-27,0.8264
2021-01-28,0.8249
2021-01-29,0.8241
2021-02-01,0.8285
2021-02-02,0.8319
2021-02-03,0.8316
2021-02-04,0.8351
2021-02-05,0.8309
2021-02-08,0.8302
2021-02-09,0.826
2021-02-10,0.8243
2021-02-11,0.8246
2021-02-12,0.8247
2021-02-15,
2021-02-16,0.826
2021-02-17,0.8304
2021-02-18,0.828
2021-02-19,0.824
2021-02-22,0.8227
2021-02-23,0.8236
2021-02-24,0.8235
2021-02-25,0.8177
2021-02-26,0.8269
2021-03-01,0.8296
2021-03-02,0.8279
2021-03-03,0.8283
2021-03-04,0.8302
2021-03-05,0.8393
2021-03-08,0.844
2021-03-09,0.8414
2021-03-10,0.8403
2021-03-11,0.8349
2021-03-12,0.8367
2021-03-15,0.8391
2021-03-16,0.8407
2021-03-17,0.84
2021-03-18,0.8385
2021-03-19,0.8397
2021-03-22,0.8381
2021-03-23,0.8423
2021-03-24,0.8452
2021-03-25,0.8491
2021-03-26,0.8476
2021-03-29,0.849
2021-03-30,0.853
2021-03-31,0.8516
2021-04-01,0.8495
2021-04-02,0.8501
2021-04-05,0.8467
2021-04-06,0.8437
2021-04-07,0.841
2021-04-08,0.8401
2021-04-09,0.8405
2021-04-12,0.8398
2021-04-13,0.8376
2021-04-14,0.8351
2021-04-15,0.8358
2021-04-16,0.8347
2021-04-19,0.8314
2021-04-20,0.8302
2021-04-21,0.831
2021-04-22,0.8325
2021-04-23,0.8286
2021-04-26,0.8276
2021-04-27,0.8279
2021-04-28,0.8266
2021-04-29,0.8258
2021-04-30,0.8313
2021-05-03,0.8293
2021-05-04,0.8324
2021-05-05,0.8331
2021-05-06,0.8299
2021-05-07,0.822
2021-05-10,0.8217
2021-05-11,0.8218
2021-05-12,0.8282
2021-05-13,0.8285
2021-05-14,0.8237
2021-05-17,0.8227
2021-05-18,0.8195
2021-05-19,0.8186
2021-05-20,0.818
2021-05-21,0.8212
2021-05-24,0.819
2021-05-25,0.8175
2021-05-26,0.8194
2021-05-27,0.8201
2021-05-28,0.8201
2021-05-31,
2021-06-01,0.8169
2021-06-02,0.8188
2021-06-03,0.8249
2021-06-04,0.8215
2021-06-07,0.8197
2021-06-08,0.821
2021-06-09,0.8207
2021-06-10,0.8215
2021-06-11,0.8264
2021-06-14,0.8247
2021-06-15,0.8251
2021-06-16,0.8252
2021-06-17,0.8396
2021-06-18,0.8423
2021-06-21,0.8397
2021-06-22,0.8396
2021-06-23,0.8368
2021-06-24,0.8384
2021-06-25,0.8375
2021-06-28,0.8377
2021-06-29,0.84
2021-06-30,0.844
2021-07-01,0.8434
2021-07-02,0.844
2021-07-05,
2021-07-06,0.8463
2021-07-07,0.8472
2021-07-08,0.8446
2021-07-09,0.8431
2021-07-12,0.8433
2021-07-13,0.8465
2021-07-14,0.8456
2021-07-15,0.847
2021-07-16,0.8467
2021-07-19,0.8472
2021-07-20,0.8492
2021-07-21,0.8475
2021-07-22,0.8495
2021-07-23,0.8503
2021-07-26,0.8467
2021-07-27,0.8452
2021-07-28,0.8468
2021-07-29,0.8413
2021-07-30,0.8429
2021-08-02,0.8422
2021-08-03,0.8432
2021-08-04,0.8445
2021-08-05,0.8447
2021-08-06,0.8503
2021-08-09,0.8511
2021-08-10,0.8531
2021-08-11,0.852
2021-08-12,0.8521
2021-08-13,0.8477
2021-08-16,0.8492
2021-08-17,0.8537
2021-08-18,0.8546
2021-08-19,0.8552
2021-08-20,0.8554
2021-08-23,0.8524
2021-08-24,0.8514
2021-08-25,0.8505
2021-08-26,0.8503
2021-08-27,0.8479
2021-08-30,0.8478
2021-08-31,0.8475
2021-09-01,0.8439
2021-09-02,0.8433
2021-09-03,0.8415
2021-09-06,
2021-09-07,0.844
2021-09-08,0.8462
2021-09-09,0.8455
2021-09-10,0.846
2021-09-13,0.8468
2021-09-14,0.8457
2021-09-15,0.8467
2021-09-16,0.8501
2021-09-17,0.8522
2021-09-20,0.8526
2021-09-21,0.853
2021-09-22,0.8519
2021-09-23,0.8522
2021-09-24,0.8536
2021-09-27,0.8546
2021-09-28,0.8561
2021-09-29,0.8612
2021-09-30,0.8638
2021-10-01,0.8622
2021-10-04,0.8604
2021-10-05,0.8614
2021-10-06,0.8661
2021-10-07,0.865
2021-10-08,0.8642
2021-10-11,
2021-10-12,0.8665
2021-10-13,0.8645
2021-10-14,0.8627
2021-10-15,0.8625
2021-10-18,0.8614
2021-10-19,0.8597
2021-10-20,0.8589
2021-10-21,0.8589
2021-10-22,0.8597
2021-10-25,0.8614
2021-10-26,0.8628
2021-10-27,0.8621
2021-10-28,0.8558
2021-10-29,0.8657
2021-11-01,0.8627
2021-11-02,0.8635
2021-11-03,0.8633
2021-11-04,0.8661
2021-11-05,0.8655
2021-11-08,0.8628
2021-11-09,0.8629
2021-11-10,0.8683
2021-11-11,
2021-11-12,0.8739
2021-11-15,0.8756
2021-11-16,0.8824
2021-11-17,0.8832
2021-11-18,0.8804
2021-11-19,0.8835
2021-11-22,0.8881
2021-11-23,0.8877
2021-11-24,0.8932
2021-11-25,
2021-11-26,0.8848
2021-11-29,0.888
2021-11-30,0.886
2021-12-01,0.8832
2021-12-02,0.8845
2021-12-03,0.8843
2021-12-06,0.8864
2021-12-07,0.8891
2021-12-08,0.8826
2021-12-09,0.8861
2021-12-10,0.884
2021-12-13,0.8851
2021-12-14,0.8875
2021-12-15,0.888
2021-12-16,0.8843
2021-12-17,0.8868
2021-12-20,0.8851
2021-12-21,0.8872
2021-12-22,0.8831
2021-12-23,0.8834
2021-12-24,
2021-12-27,0.8827
2021-12-28,0.8839
2021-12-29,0.8821
2021-12-30,0.8835
2021-12-31,
2022-01-03,0.8857
2022-01-04,0.8853
2022-01-05,0.8822
2022-01-06,0.8844
2022-01-07,0.8804
2022-01-10,0.8828
2022-01-11,0.88
2022-01-12,0.8748
2022-01-13,0.8723
2022-01-14,0.8761
2022-01-17,
2022-01-18,0.8821
2022-01-19,0.8814
2022-01-20,0.8821
2022-01-21,0.8814
2022-01-24,0.8842
2022-01-25,0.8863
2022-01-26,0.8866
2022-01-27,0.8976
2022-01-28,0.8961
2022-01-31,0.8919
2022-02-01,0.8898
2022-02-02,0.885
2022-02-03,0.8753
2022-02-04,0.873
2022-02-07,0.8746
2022-02-08,0.876
2022-02-09,0.8745
2022-02-10,0.8705
2022-02-11,0.8769
2022-02-14,0.8845
2022-02-15,0.88
2022-02-16,0.8787
2022-02-17,0.88
2022-02-18,0.8828
2022-02-21,
2022-02-22,0.8817
2022-02-23,0.8837
2022-02-24,0.8965
2022-02-25,0.888
2022-02-28,0.8909
2022-03-01,0.9007
2022-03-02,0.9007
2022-03-03,0.9047
2022-03-04,0.9164
2022-03-07,0.9208
2022-03-08,0.919
2022-03-09,0.9034
2022-03-10,0.9085
2022-03-11,0.9143
2022-03-14,0.9108
2022-03-15,0.9112
2022-03-16,0.9094
2022-03-17,0.9001
2022-03-18,0.9055
2022-03-21,0.9051
2022-03-22,0.9073
2022-03-23,0.909
2022-03-24,0.9086
2022-03-25,0.9103
2022-03-28,0.911
2022-03-29,0.9006
2022-03-30,0.8958
2022-03-31,0.9015
2022-04-01,0.9056
2022-04-04,0.9098
2022-04-05,0.9157
2022-04-06,0.9163
2022-04-07,0.9174
2022-04-08,0.9196
2022-04-11,0.9195
2022-04-12,0.9215
2022-04-13,0.9196
2022-04-14,0.9263
2022-04-15,0.9249
2022-04-18,0.9272
2022-04-19,0.9269
2022-04-20,0.9211
2022-04-21,0.9226
2022-04-22,0.9268
2022-04-25,0.9343
2022-04-26,0.938
2022-04-27,0.948
2022-04-28,0.9524
2022-04-29,0.949
2022-05-02,0.9505
2022-05-03,0.9495
2022-05-04,0.9489
2022-05-05,0.9517
2022-05-06,0.9459
2022-05-09,0.9471
2022-05-10,0.9496
2022-05-11,0.949
2022-05-12,0.9638
2022-05-13,0.9606
2022-05-16,0.9597
2022-05-17,0.9495
2022-05-18,0.9529
2022-05-19,0.9446
2022-05-20,0.9471
2022-05-23,0.9374
2022-05-24,0.9308
2022-05-25,0.9383
2022-05-26,0.9324
2022-05-27,0.9338
2022-05-30,
2022-05-31,0.9319
2022-06-01,0.9393
2022-06-02,0.9317
2022-06-03,0.9327
2022-06-06,0.9347
2022-06-07,0.9348
2022-06-08,0.9311
2022-06-09,0.9384
2022-06-10,0.9505
2022-06-13,0.9582
2022-06-14,0.9601
2022-06-15,0.9626
2022-06-16,0.9496
2022-06-17,0.9548
2022-06-20,
2022-06-21,0.948
2022-06-22,0.9449
2022-06-23,0.9521
2022-06-24,0.9489
2022-06-27,0.9433
2022-06-28,0.9493
2022-06-29,0.9545
2022-06-30,0.9552
2022-07-01,0.9607
2022-07-04,
2022-07-05,0.9752
2022-07-06,0.983
2022-07-07,0.9843
2022-07-08,0.9825
2022-07-11,0.9913
2022-07-12,0.9931
2022-07-13,0.992
2022-07-14,0.9972
2022-07-15,0.9912
2022-07-18,0.9843
2022-07-19,0.9768
2022-07-20,0.9788
2022-07-21,0.9807
2022-07-22,0.978
2022-07-25,0.9793
2022-07-26,0.9885
2022-07-27,0.9893
2022-07-28,0.984
2022-07-29,0.9802
2022-08-01,0.9737
2022-08-02,0.981
2022-08-03,0.9856
2022-08-04,0.9784
2022-08-05,0.9833
2022-08-08,0.9797
2022-08-09,0.9779
2022-08-10,0.9674
2022-08-11,0.9673
2022-08-12,0.9749
2022-08-15,0.9817
2022-08-16,0.9829
2022-08-17,0.9839
2022-08-18,0.9887
2022-08-19,0.9961
2022-08-22,1.0064
2022-08-23,1.0024
2022-08-24,1.0033
2022-08-25,1.0041
2022-08-26,1.0002
2022-08-29,1.0
2022-08-30,0.9982
2022-08-31,0.9935
2022-09-01,1.005
2022-09-02,0.997
2022-09-05,
2022-09-06,1.0087
2022-09-07,1.0058
2022-09-08,1.0044
2022-09-09,0.9954
2022-09-12,0.9873
2022-09-13,1.0003
2022-09-14,1.0007
2022-09-15,1.0009
2022-09-16,0.9987
2022-09-19,0.9997
2022-09-20,1.0006
2022-09-21,1.0121
2022-09-22,1.0162
2022-09-23,1.0289
2022-09-26,1.0392
2022-09-27,1.0399
2022-09-28,1.033
2022-09-29,1.0231
2022-09-30,1.0222
2022-10-03,1.0195
2022-10-04,1.0023
2022-10-05,1.0136
2022-10-06,1.0198
2022-10-07,1.022
2022-10-10,
2022-10-11,1.0249
2022-10-12,1.0318
2022-10-13,1.0225
2022-10-14,1.0268
2022-10-17,1.016
2022-10-18,1.0161
2022-10-19,1.0225
2022-10-20,1.018
2022-10-21,1.0147
2022-10-24,1.0128
2022-10-25,1.0041
2022-10-26,0.9932
2022-10-27,1.0015
2022-10-28,1.0066
2022-10-31,1.0116
2022-11-01,1.0131
2022-11-02,1.0127
2022-11-03,1.0247
2022-11-04,1.0106
2022-11-07,1.0003
2022-11-08,0.9912
2022-11-09,0.9963
2022-11-10,0.9827
2022-11-11,
2022-11-14,0.9674
2022-11-15,0.9641
2022-11-16,0.962
2022-11-17,0.967
2022-11-18,0.9663
2022-11-21,0.9768
2022-11-22,0.9731
2022-11-23,0.9649
2022-11-24,
2022-11-25,0.9614
2022-11-28,0.9628
2022-11-29,0.9656
2022-11-30,0.9687
2022-12-01,0.9526
2022-12-02,0.9505
2022-12-05,0.9529
2022-12-06,0.9527
2022-12-07,0.9519
2022-12-08,0.9477
2022-12-09,0.9479
2022-12-12,0.9483
2022-12-13,0.9407
2022-12-14,0.9385
2022-12-15,0.94
2022-12-16,0.9425
2022-12-19,0.9413
2022-12-20,0.9403
2022-12-21,0.9435
2022-12-22,0.9445
2022-12-23,0.9415
2022-12-26,
2022-12-27,0.9386
2022-12-28,0.9414
2022-12-29,0.9374
2022-12-30,0.9348
2023-01-02,
2023-01-03,0.9471
2023-01-04,0.9416
2023-01-05,0.9504
2023-01-06,0.9417
2023-01-09,0.9295
2023-01-10,0.9314
2023-01-11,0.9311
2023-01-12,0.924
2023-01-13,0.925
2023-01-16,
2023-01-17,0.9265
2023-01-18,0.9236
2023-01-19,0.9251
2023-01-20,0.9233
2023-01-23,0.9204
2023-01-24,0.9197
2023-01-25,0.9173
2023-01-26,0.9203
2023-01-27,0.9211
2023-01-30,0.9202
2023-01-31,0.921
2023-02-01,0.916
2023-02-02,0.9159
2023-02-03,0.9238
2023-02-06,0.9327
2023-02-07,0.9341
2023-02-08,0.9316
2023-02-09,0.9293
2023-02-10,0.9372
2023-02-13,0.933
2023-02-14,0.9327
2023-02-15,0.9361
2023-02-16,0.936
2023-02-17,0.9365
2023-02-20,
2023-02-21,0.9384
2023-02-22,0.9414
2023-02-23,0.9449
2023-02-24,0.9483
2023-02-27,0.9438
2023-02-28,0.9432
2023-03-01,0.9369
2023-03-02,0.9438
2023-03-03,0.942
2023-03-06,0.9351
2023-03-07,0.9458
2023-03-08,0.948
2023-03-09,0.9454
2023-03-10,0.9382
2023-03-13,0.9317
2023-03-14,0.9327
2023-03-15,0.9492
2023-03-16,0.9414
2023-03-17,0.9392
2023-03-20,0.9327
2023-03-21,0.9286
2023-03-22,0.9266
2023-03-23,0.9183
2023-03-24,0.9292
2023-03-27,0.9269
2023-03-28,0.9222
2023-03-29,0.9237
2023-03-30,0.9175
2023-03-31,0.9198
2023-04-03,0.9182
2023-04-04,0.9132
2023-04-05,0.9159
2023-04-06,0.9152
2023-04-07,0.9163
2023-04-10,0.9225
2023-04-11,0.9169
2023-04-12,0.9102
2023-04-13,0.9046
2023-04-14,0.9107
2023-04-17,0.9162
2023-04-18,0.9126
2023-04-19,0.913
2023-04-20,0.9116
2023-04-21,0.9113
2023-04-24,0.9069
2023-04-25,0.9117
2023-04-26,0.9048
2023-04-27,0.9077
2023-04-28,0.9058
2023-05-01,0.9116
2023-05-02,0.9093
2023-05-03,0.9051
2023-05-04,0.9083
2023-05-05,0.9069
2023-05-08,0.9074
2023-05-09,0.913
2023-05-10,0.9119
2023-05-11,0.9161
2023-05-12,0.9211
2023-05-15,0.9196
2023-05-16,0.9203
2023-05-17,0.9234
2023-05-18,0.928
2023-05-19,0.9243
2023-05-22,0.9254
2023-05-23,0.9284
2023-05-24,0.9295
2023-05-25,0.9324
2023-05-26,0.9334
2023-05-29,
2023-05-30,0.9327
2023-05-31,0.9386
2023-06-01,0.9301
2023-06-02,0.9325
2023-06-05,0.9327
2023-06-06,0.935
2023-06-07,0.9344
2023-06-08,0.9276
2023-06-09,0.9303
2023-06-12,0.9305
2023-06-13,0.9266
2023-06-14,0.9209
2023-06-15,0.9147
2023-06-16,0.9153
2023-06-19,
2023-06-20,0.9174
2023-06-21,0.9132
2023-06-22,0.913
2023-06-23,0.9185
2023-06-26,0.9166
2023-06-27,0.9123
2023-06-28,0.9171
2023-06-29,0.919
2023-06-30,0.9158
2023-07-03,0.9158
2023-07-04,
2023-07-05,0.9201
2023-07-06,0.9197
2023-07-07,0.9121
2023-07-10,0.9098
2023-07-11,0.9098
2023-07-12,0.899
2023-07-13,0.8933
2023-07-14,0.8899
2023-07-17,0.89
2023-07-18,0.891
2023-07-19,0.8933
2023-07-20,0.8981
2023-07-21,0.8993
2023-07-24,0.9023
2023-07-25,0.905
2023-07-26,0.9027
2023-07-27,0.9093
2023-07-28,0.9059
2023-07-31,0.9074
2023-08-01,0.9115
2023-08-02,0.9142
2023-08-03,0.9135
2023-08-04,0.9061
2023-08-07,0.9091
2023-08-08,0.9132
2023-08-09,0.9112
2023-08-10,0.9078
2023-08-11,0.9127
2023-08-14,0.9156
2023-08-15,0.9151
2023-08-16,0.9171
2023-08-17,0.9196
2023-08-18,0.9195
2023-08-21,0.9184
2023-08-22,0.922
2023-08-23,0.9206
2023-08-24,0.9237
2023-08-25,0.927
2023-08-28,0.9251
2023-08-29,0.9216
2023-08-30,0.9152
2023-08-31,0.9226
2023-09-01,0.927
2023-09-04,
2023-09-05,0.9322
2023-09-06,0.9334
2023-09-07,0.9342
2023-09-08,0.9338
2023-09-11,0.9308
2023-09-12,0.9323
2023-09-13,0.9314
2023-09-14,0.9381
2023-09-15,0.9369
2023-09-18,0.935
2023-09-19,0.936
2023-09-20,0.9333
2023-09-21,0.9377
2023-09-22,0.9381
2023-09-25,0.9442
2023-09-26,0.9458
2023-09-27,0.9515
2023-09-28,0.9454
2023-09-29,0.9448
2023-10-02,0.9524
2023-10-03,0.9567
2023-10-04,0.9508
2023-10-05,0.9499
2023-10-06,0.9438
2023-10-09,
2023-10-10,0.9418
2023-10-11,0.9416
2023-10-12,0.9476
2023-10-13,0.9522
2023-10-16,0.9482
2023-10-17,0.944
2023-10-18,0.9495
2023-10-19,0.9461
2023-10-20,0.9441
2023-10-23,0.9393
2023-10-24,0.9438
2023-10-25,0.9449
2023-10-26,0.9495
2023-10-27,0.9441
2023-10-30,0.9416
2023-10-31,0.9463
2023-11-01,0.9489
2023-11-02,0.9418
2023-11-03,0.9317
2023-11-06,0.9305
2023-11-07,0.9357
2023-11-08,0.9333
2023-11-09,0.9337
2023-11-10,
2023-11-13,0.9346
2023-11-14,0.9207
2023-11-15,0.9214
2023-11-16,0.9216
2023-11-17,0.9192
2023-11-20,0.9137
2023-11-21,0.9155
2023-11-22,0.9199
2023-11-23,
2023-11-24,0.9146
2023-11-27,0.9143
2023-11-28,0.9085
2023-11-29,0.9117
2023-11-30,0.9168
2023-12-01,0.9193
2023-12-04,0.9239
2023-12-05,0.927
2023-12-06,0.9268
2023-12-07,0.9264
2023-12-08,0.9306
2023-12-11,0.9305
2023-12-12,0.9268
2023-12-13,0.9265
2023-12-14,0.9093
2023-12-15,0.9169
2023-12-18,0.9158
2023-12-19,0.911
2023-12-20,0.9127
2023-12-21,0.9099
2023-12-22,0.9084
2023-12-25,
2023-12-26,0.9062
2023-12-27,0.8998
2023-12-28,0.9031
2023-12-29,0.904
2024-01-01,
2024-01-02,0.9127
2024-01-03,0.9167
2024-01-04,0.9127
2024-01-05,0.9127
2024-01-08,0.9111
2024-01-09,0.9145
2024-01-10,0.9124
2024-01-11,0.9138
2024-01-12,0.9125
2024-01-15,
2024-01-16,0.9189
2024-01-17,0.921
2024-01-18,0.9206
2024-01-19,0.9185
2024-01-22,0.9179
2024-01-23,0.9234
2024-01-24,0.9173
2024-01-25,0.9228
2024-01-26,0.9203
2024-01-29,0.9253
2024-01-30,0.9222
2024-01-31,0.9212
2024-02-01,0.9204
2024-02-02,0.927
2024-02-05,0.9314
2024-02-06,0.9301
2024-02-07,0.9286
2024-02-08,0.9282
2024-02-09,0.9275
2024-02-12,0.9282
2024-02-13,0.9328
2024-02-14,0.9315
2024-02-15,0.9293
2024-02-16,0.9286
2024-02-19,
2024-02-20,0.9247
2024-02-21,0.9244
2024-02-22,0.9246
2024-02-23,0.9235
2024-02-26,0.9212
2024-02-27,0.9211
2024-02-28,0.9223
2024-02-29,0.9253
2024-03-01,0.9232
2024-03-04,0.9206
2024-03-05,0.9207
2024-03-06,0.9163
2024-03-07,0.914
2024-03-08,0.914
2024-03-11,0.9151
2024-03-12,0.9159
2024-03-13,0.9137
2024-03-14,0.9184
2024-03-15,0.9184
2024-03-18,0.9186
2024-03-19,0.9209
2024-03-20,0.9211
2024-03-21,0.9207
2024-03-22,0.9245
2024-03-25,0.9228
2024-03-26,0.9234
2024-03-27,0.9241
2024-03-28,0.9258
2024-03-29,0.9267
2024-04-01,0.9317
2024-04-02,0.9286
2024-04-03,0.9236
2024-04-04,0.9204
2024-04-05,0.9224
2024-04-08,0.9214
2024-04-09,0.9211
2024-04-10,0.9314
2024-04-11,0.9327
2024-04-12,0.9392
2024-04-15,0.9395
2024-04-16,0.9409
2024-04-17,0.9395
2024-04-18,0.9381
2024-04-19,0.9385
2024-04-22,0.9385
2024-04-23,0.935
2024-04-24,0.9357
2024-04-25,0.9327
2024-04-26,0.9358
2024-04-29,0.9331
2024-04-30,0.936
2024-05-01,0.9363
2024-05-02,0.9341
2024-05-03,0.9285
2024-05-06,0.9277
2024-05-07,0.9288
2024-05-08,0.9298
2024-05-09,0.9284
2024-05-10,0.9282
2024-05-13,0.9263
2024-05-14,0.9244
2024-05-15,0.9208
2024-05-16,0.9195
2024-05-17,0.92
2024-05-20,0.9207
2024-05-21,0.9212
2024-05-22,0.9228
2024-05-23,0.9236
2024-05-24,0.9215
2024-05-27,
2024-05-28,0.9192
2024-05-29,0.925
2024-05-30,0.9228
2024-05-31,0.922
2024-06-03,0.9183
2024-06-04,0.9193
2024-06-05,0.9204
2024-06-06,0.9189
2024-06-07,0.9253
2024-06-10,0.9301
2024-06-11,0.9317
2024-06-12,0.9223
2024-06-13,0.9297
2024-06-14,0.9347
2024-06-17,0.9326
2024-06-18,0.9312
2024-06-19,
2024-06-20,0.9339
2024-06-21,0.9351
2024-06-24,0.9322
2024-06-25,0.9341
2024-06-26,0.9362
2024-06-27,0.9339
2024-06-28,0.9336
2024-07-01,0.9321
2024-07-02,0.9314
2024-07-03,0.926
2024-07-04,
2024-07-05,0.9235
2024-07-08,0.9229
2024-07-09,0.9248
2024-07-10,0.924
2024-07-11,0.92
2024-07-12,0.9173
2024-07-15,0.9164
2024-07-16,0.9187
2024-07-17,0.9147
2024-07-18,0.9163
2024-07-19,0.9184
2024-07-22,0.9191
2024-07-23,0.9212
2024-07-24,0.9214
2024-07-25,0.9207
2024-07-26,0.9209
2024-07-29,0.9243
2024-07-30,0.9252
2024-07-31,0.924
2024-08-01,0.9269
2024-08-02,0.9163
2024-08-05,0.9127
2024-08-06,0.9152
2024-08-07,0.9153
2024-08-08,0.9163
2024-08-09,0.9153
2024-08-12,0.9151
2024-08-13,0.9129
2024-08-14,0.9071
2024-08-15,0.9102
2024-08-16,0.9094
2024-08-19,0.9033
2024-08-20,0.9004
2024-08-21,0.8974
2024-08-22,0.8998
2024-08-23,0.8948
2024-08-26,0.8957
2024-08-27,0.8961
2024-08-28,0.8987
2024-08-29,0.902
2024-08-30,0.9042
2024-09-02,
2024-09-03,0.9056
2024-09-04,0.9024
2024-09-05,0.9012
2024-09-06,0.902
2024-09-09,0.9056
2024-09-10,0.907
2024-09-11,0.9081
2024-09-12,0.9057
2024-09-13,0.9021
2024-09-16,0.899
2024-09-17,0.8994
2024-09-18,0.8996
2024-09-19,0.8971
2024-09-20,0.8961
2024-09-23,0.8985
2024-09-24,0.8969
2024-09-25,0.8974
2024-09-26,0.8941
2024-09-27,0.8961
2024-09-30,0.8973
2024-10-01,0.9036
2024-10-02,0.905
2024-10-03,0.9079
2024-10-04,0.9123
2024-10-07,0.9111
2024-10-08,0.9116
2024-10-09,0.9132
2024-10-10,0.9153
2024-10-11,0.9139
2024-10-14,
2024-10-15,0.9175
2024-10-16,0.9197
2024-10-17,0.9228
2024-10-18,0.9213
2024-10-21,0.9242
2024-10-22,0.9255
2024-10-23,0.9277
2024-10-24,0.9254
2024-10-25,0.9248
2024-10-28,0.9243
2024-10-29,0.9261
2024-10-30,0.9205
2024-10-31,0.9212
2024-11-01,0.9218
2024-11-04,0.9188
2024-11-05,0.9158
2024-11-06,0.9318
2024-11-07,0.9266
2024-11-08,0.9337
2024-11-11,
2024-11-12,0.9436
2024-11-13,0.9463
2024-11-14,0.9468
2024-11-15,0.9477
2024-11-18,0.9446
2024-11-19,0.9454
2024-11-20,0.9505
2024-11-21,0.9547
2024-11-22,0.9616
2024-11-25,0.9544
2024-11-26,0.9541
2024-11-27,0.9456
2024-11-28,
2024-11-29,0.9481
2024-12-02,0.9538
2024-12-03,0.9508
2024-12-04,0.9499
2024-12-05,0.946
2024-12-06,0.9467
2024-12-09,0.9461
2024-12-10,0.9513
2024-12-11,0.9517
2024-12-12,0.9511
2024-12-13,0.9526
2024-12-16,0.9513
2024-12-17,0.9518
2024-12-18,0.9552
2024-12-19,0.9655
2024-12-20,0.9588
2024-12-23,0.9607
2024-12-24,0.9626
2024-12-25,
2024-12-26,0.9594
2024-12-27,0.9594
2024-12-30,0.9628
2024-12-31,0.9661
2025-01-01,
2025-01-02,0.9746
2025-01-03,0.9716
2025-01-06,0.9618
2025-01-07,0.9644
2025-01-08,0.9696
2025-01-09,0.9711
2025-01-10,0.9768
2025-01-13,0.9795
2025-01-14,0.9716
2025-01-15,0.9726
2025-01-16,0.9706
2025-01-17,0.9721
2025-01-20,
2025-01-21,0.9594
2025-01-22,0.9597
2025-01-23,0.9597
2025-01-24,0.951
2025-01-27,0.9531
2025-01-28,0.959
2025-01-29,0.9601
2025-01-30,0.9597
2025-01-31,0.9615
2025-02-03,0.973
2025-02-04,0.9635
2025-02-05,0.9598
2025-02-06,0.9645
2025-02-07,0.9681
2025-02-10,0.9697
2025-02-11,0.9666
2025-02-12,0.9623
2025-02-13,0.959
2025-02-14,0.9526
2025-02-17,
2025-02-18,0.9563
2025-02-19,0.961
2025-02-20,0.9547
2025-02-21,0.9565
2025-02-24,0.9544
2025-02-25,0.9526
2025-02-26,0.9511
2025-02-27,0.9602
2025-02-28,0.9614
2025-03-03,0.9527
2025-03-04,0.9493
2025-03-05,0.9287
2025-03-06,0.9244
2025-03-07,0.9209
2025-03-10,0.9228
2025-03-11,0.9152
2025-03-12,0.9153
2025-03-13,0.9209
2025-03-14,0.9198
2025-03-17,0.9156
2025-03-18,0.9152
2025-03-19,0.9194
2025-03-20,0.9218
2025-03-21,0.9254
2025-03-24,0.9264
2025-03-25,0.9256
2025-03-26,0.9276
2025-03-27,0.9259
2025-03-28,0.9237
2025-03-31,0.9263
2025-04-01,0.9259
2025-04-02,0.9201
2025-04-03,0.9048
2025-04-04,0.9079
2025-04-07,0.9164
2025-04-08,0.9164
2025-04-09,0.9058
2025-04-10,0.8935
2025-04-11,0.883
2025-04-14,0.8804
2025-04-15,0.8857
2025-04-16,0.8786
2025-04-17,0.88
2025-04-18,0.878
2025-04-21,0.869
2025-04-22,0.8721
2025-04-23,0.8811
2025-04-24,0.88
2025-04-25,0.8787
2025-04-28,0.8782
2025-04-29,0.8775
2025-04-30,0.8811
2025-05-01,0.8866
2025-05-02,0.8826
2025-05-05,0.8838
2025-05-06,0.8814
2025-05-07,0.8812
2025-05-08,0.889
2025-05-09,0.8873
2025-05-12,0.9004
2025-05-13,0.8948
2025-05-14,0.8924
2025-05-15,0.8937
2025-05-16,0.8976
2025-05-19,0.89
2025-05-20,0.8886
2025-05-21,0.8816
2025-05-22,0.8864
2025-05-23,0.8811
2025-05-26,
2025-05-27,0.8829
2025-05-28,0.8861
2025-05-29,0.8795
2025-05-30,0.8813
2025-06-02,0.8747
2025-06-03,0.8793
2025-06-04,0.8754
2025-06-05,0.8741
2025-06-06,0.8774
2025-06-09,0.8753
2025-06-10,0.8754
2025-06-11,0.8703
2025-06-12,0.8637
2025-06-13,0.8653
2025-06-16,0.8635
2025-06-17,0.8669
2025-06-18,0.868
2025-06-19,
2025-06-20,0.8681
2025-06-23,0.8667
2025-06-24,0.8615
2025-06-25,0.8606
2025-06-26,0.8535
2025-06-27,0.853
2025-06-30,0.8496
2025-07-01,0.8492
2025-07-02,0.8482
2025-07-03,0.8505
2025-07-04,
2025-07-07,0.8523
2025-07-08,0.8542
2025-07-09,0.8542
2025-07-10,0.8556
2025-07-11,0.855
2025-07-14,0.8568
2025-07-15,0.8607
2025-07-16,0.8599
2025-07-17,0.8623
2025-07-18,0.8587
2025-07-21,0.8543
2025-07-22,0.8511
2025-07-23,0.8512
2025-07-24,0.85
2025-07-25,0.8525
2025-07-28,0.8614
2025-07-29,0.867
2025-07-30,0.8718
2025-07-31,0.8748
2025-08-01,0.8654
2025-08-04,0.8645
2025-08-05,0.8636
2025-08-06,0.8586
2025-08-07,0.859
2025-08-08,0.8576
2025-08-11,0.8615
2025-08-12,0.8567
2025-08-13,0.8536
2025-08-14,0.8588
2025-08-15,0.8541
2025-08-18,0.8571
2025-08-19,0.8576
2025-08-20,0.8584
2025-08-21,0.8617
2025-08-22,0.8538
2025-08-25,0.8569
2025-08-26,0.8579
2025-08-27,0.8613
2025-08-28,0.8568
2025-08-29,0.8551
2025-09-01,
2025-09-02,0.8581
2025-09-03,0.8565
2025-09-04,0.8585
2025-09-05,0.8504
2025-09-08,0.851
2025-09-09,0.853
2025-09-10,0.8537
2025-09-11,0.8524
2025-09-12,0.8537
2025-09-15,0.8495
2025-09-16,0.844
2025-09-17,0.8442
2025-09-18,0.8489
2025-09-19,0.8508
2025-09-22,0.8494
2025-09-23,0.8475
2025-09-24,0.8516
2025-09-25,0.8567
2025-09-26,0.8553
2025-09-29,0.8525
2025-09-30,0.8522
2025-10-01,0.853
2025-10-02,0.855
2025-10-03,0.8513
2025-10-06,0.8542
2025-10-07,0.8566
2025-10-08,0.8616
2025-10-09,0.8651
2025-10-10,0.8611
2025-10-13,
2025-10-14,0.8615
2025-10-15,0.8593
2025-10-16,0.8573
2025-10-17,0.8566
2025-10-20,0.8579
2025-10-21,0.8609
2025-10-22,0.8612
2025-10-23,0.8612
2025-10-24,0.8601
2025-10-27,0.8594
2025-10-28,0.8577
2025-10-29,0.8573
2025-10-30,0.8648
2025-10-31,0.8665
2025-11-03,0.8672
2025-11-04,0.8702
2025-11-05,0.8707
2025-11-06,0.8666
2025-11-07,0.8637
2025-11-10,0.8662
2025-11-11,
2025-11-12,0.8627
2025-11-13,0.8584
2025-11-14,0.8608
2025-11-17,0.8622
2025-11-18,0.8636
2025-11-19,0.8666
2025-11-20,0.867
2025-11-21,0.8691
2025-11-24,0.8682
2025-11-25,0.8656
2025-11-26,0.8627
2025-11-27,
2025-11-28,0.8621
2025-12-01,0.8604
2025-12-02,0.8624
2025-12-03,0.8576
2025-12-04,0.8577
2025-12-05,0.8595
2025-12-08,0.8601
2025-12-09,0.8592
2025-12-10,0.8584
2025-12-11,0.8506
2025-12-12,0.8524
2025-12-15,0.8506
2025-12-16,0.8496
2025-12-17,0.8512
2025-12-18,0.8526
2025-12-19,0.8532
2025-12-22,0.8511
2025-12-23,0.8492
2025-12-24,0.8489
2025-12-25,
2025-12-26,0.8499
2025-12-29,0.8506
2025-12-30,0.85
2025-12-31,0.8521
2026-01-01,
2026-01-02,0.8519
2026-01-05,0.8536
2026-01-06,0.8555
2026-01-07,0.8554
2026-01-08,0.858
2026-01-09,0.8595
2026-01-12,0.8568
2026-01-13,0.8587
2026-01-14,0.858
2026-01-15,0.8617
2026-01-16,0.8621
2026-01-19,
2026-01-20,0.8519
2026-01-21,0.8543
2026-01-22,0.8519
2026-01-23,0.8495
2026-01-26,0.8413
2026-01-27,0.8347
2026-01-28,0.8375
2026-01-29,0.8373
2026-01-30,0.8414
2026-02-02,0.847
2026-02-03,0.8461
2026-02-04,0.8472
2026-02-05,0.8473
2026-02-06,0.8466
2026-02-09,0.8405
2026-02-10,0.8405
2026-02-11,0.8415
2026-02-12,0.8425
2026-02-13,0.8425
2026-02-16,
2026-02-17,0.8452
2026-02-18,0.8467
2026-02-19,0.8502
2026-02-20,0.8488
2026-02-23,0.8472
2026-02-24,0.8482
2026-02-25,0.8472
2026-02-26,0.848
2026-02-27,0.8459
2026-03-02,0.8554
2026-03-03,0.8618
2026-03-04,0.8593
2026-03-05,0.8632
2026-03-06,0.8616
2026-03-09,0.8627
2026-03-10,0.8585
2026-03-11,0.8646
2026-03-12,0.8679
2026-03-13,0.8738
2026-03-16,0.8705
2026-03-17,0.8677
2026-03-18,0.8686
2026-03-19,0.8684
2026-03-20,0.8663
2026-03-23,0.863
2026-03-24,0.8637
2026-03-25,0.8643
2026-03-26,0.8664
2026-03-27,0.8681
2026-03-30,0.8731
2026-03-31,0.8682
2026-04-01,0.861
2026-04-02,0.8661
2026-04-03,0.8678
2026-04-06,0.8662
2026-04-07,0.8642
2026-04-08,0.8557
2026-04-09,0.8543
2026-04-10,0.853
2026-04-13,0.854
2026-04-14,0.8481
2026-04-15,0.8475
2026-04-16,0.8487
2026-04-17,0.8474
2026-04-20,0.8485
2026-04-21,0.8509
2026-04-22,0.8537
2026-04-23,0.8544
2026-04-24,0.8534
2026-04-27,0.8524
2026-04-28,0.8536
2026-04-29,0.8551
2026-04-30,0.8526
2026-05-01,0.8507
2026-05-04,0.8548
2026-05-05,0.8542
2026-05-06,0.8508
2026-05-07,0.8501
2026-05-08,0.8494
2026-05-11,0.8489
2026-05-12,0.8523
2026-05-13,0.8539
2026-05-14,0.8563
2026-05-15,0.8601
2026-05-18,0.8584
2026-05-19,0.8619
2026-05-20,0.8606
2026-05-21,0.8629
2026-05-22,0.8618
2026-05-25,
2026-05-26,0.8606
2026-05-27,0.8598
2026-05-28,0.8584
2026-05-29,0.8562
2026-06-01,0.8603
2026-06-02,0.859
2026-06-03,0.8617
2026-06-04,0.8599
2026-06-05,0.8671
2026-06-08,0.8662
2026-06-09,0.8654
2026-06-10,0.8658
2026-06-11,0.8684
2026-06-12,0.8641
2026-06-15,0.8621
2026-06-16,0.861
2026-06-17,0.8626
2026-06-18,0.8718
2026-06-19,
2026-06-22,0.8747
2026-06-23,0.8785
2026-06-24,0.8812
2026-06-25,0.8783
2026-06-26,0.877
2026-06-29,0.8753
2026-06-30,0.8759
2026-07-01,0.8784
2026-07-02,0.8735
2026-07-03,
2026-07-06,0.8752
2026-07-07,0.8754
2026-07-08,0.8775
2026-07-09,0.8742
2026-07-10,0.8743
2026-07-13,0.877
2026-07-14,0.875
2026-07-15,0.8744
2026-07-16,0.8736
2026-07-17,0.8741
2026-07-20,0.8763
2026-07-21,0.8766
2026-07-22,0.8761
2026-07-23,0.8793
2026-07-24,0.8783
2026-07-27,0.879
2026-07-28,0.8771
2026-07-29,0.8784
2026-07-30,0.8679
2026-07-31,0.8681
2026-08-03,0.8689
2026-08-04,0.8675
2026-08-05,0.866
2026-08-06,0.868
2026-08-07,0.8651
2026-08-10,0.8657
2026-08-11,0.8663
2026-08-12,0.8666
2026-08-13,0.8672
2026-08-14,0.8635
2026-08-17,0.8627
2026-08-18,0.8636
2026-08-19,0.8573
2026-08-20,0.8562
2026-08-21,0.8559
2026-08-24,0.8573
2026-08-25,0.8567
2026-08-26,0.8583
2026-08-27,0.8581
2026-08-28,0.8622
2026-08-31,0.8608
2026-09-01,0.8626
2026-09-02,0.8627
2026-09-03,0.8604
2026-09-04,0.8607
2026-09-07,
2026-09-08,0.8601
2026-09-09,0.8601
2026-09-10,0.8599
2026-09-11,0.8618
2026-09-14,0.8659
2026-09-15,0.8664
2026-09-16,0.8667
2026-09-17,0.8712
2026-09-18,0.8723
2026-09-21,0.8719
2026-09-22,0.8747
2026-09-23,0.8777
2026-09-24,0.8793
2026-09-25,0.8772
2026-09-28,0.8797
2026-09-29,0.8821
2026-09-30,0.8814
2026-10-01,0.8903
2026-10-02,0.8882
